Acx,Acy,Acz,Gx,Gy,Gz
-82.47805959732145,-294.13155821805987,-3903.01426957312,108.10204744192738,-104.92271219747215,-71.7485068719284
-81.23312159227015,-290.77128383780536,-3907.719257773661,109.82401552021852,-99.12390892671404,-76.14652230015241
-79.98818358721886,-287.4110094575507,-3912.424245974202,111.5459835985097,-93.32510565595594,-80.54453772837641
-81.41930889359642,-283.93285387661706,-3917.506002709918,111.14525308410046,-83.62249644143449,-84.84427493428569
-82.850434199974,-280.4546982956834,-3922.587759445633,110.74452256969124,-73.91988722691306,-89.144012140195
-86.53412202367561,-277.139772524992,-3927.266439265613,108.65446180621328,-62.790160037836955,-92.53321856575063
-90.21780984737721,-273.82484675430055,-3931.945119085594,106.56440104273528,-51.66043284876083,-95.9224249913063
-99.31700675869496,-268.2002806300524,-3939.3605553613506,100.3841309762582,-32.75498987601224,-99.60352838900609
-102.56572975206319,-266.26458757500757,-3941.870969254593,97.06437453336795,-28.015825054760253,-99.64112632865739
-105.81445274543141,-264.3288945199627,-3944.3813831478346,93.7446180904777,-23.27666023350825,-99.67872426830871
-105.22186932628107,-263.6381155498916,-3945.853842808429,90.84941546813882,-25.50933745245268,-98.18617094745495
-104.62928590713075,-262.94733657982056,-3947.326302469024,87.95421284579994,-27.742014671397094,-96.6936176266012
-91.04398778724413,-264.67715650778064,-3949.1788406525934,83.74431257963217,-47.98743880947085,-92.32115540559279
-76.46277263546008,-267.2956808548155,-3950.2446315029797,82.40446235111555,-65.29845882694075,-90.75276202463812
-61.88155748367608,-269.9142052018504,-3951.310422353365,81.06461212259896,-82.60947884441066,-89.18436864368346
-39.18352325929686,-274.32329215092625,-3953.2060133792975,80.07124085343948,-104.85932220796585,-89.81525531930136
-16.485489034917652,-278.7323791000021,-3955.101604405231,79.07786958428001,-127.10916557152105,-90.44614199491926
13.12468902648872,-284.7774643177345,-3958.33004384346,77.7231173343191,-150.91444965216698,-94.84138237120666
42.73486708789509,-290.82254953546686,-3961.55848328169,76.36836508435822,-174.71973373281293,-99.23662274749405
110.34933506360342,-305.48245380892206,-3971.0264228398205,71.3261182873067,-217.73989800970924,-118.02873439498038
144.46347429869326,-313.573410238552,-3977.0545846754717,66.97433009957312,-233.4089227473326,-133.0590495149284
178.5776135337831,-321.66436666818197,-3983.0827465111242,62.622541911839534,-249.077947484956,-148.08936463487646
208.5324855780212,-329.87039368036596,-3989.865277977629,56.1432787842171,-256.3705004943883,-168.60650988769981
238.48735762225925,-338.07642069254985,-3996.647809444135,49.664015656594685,-263.6630535038206,-189.1236551405232
281.5041236910927,-353.3229506351367,-4010.299362520923,32.90590734826523,-259.4110139361094,-239.1939563768687
291.2236134014817,-359.69227846441237,-4016.5103054815477,23.41963981309443,-248.47300632330303,-267.0673380722519
300.94310311187064,-366.061606293688,-4022.721248442173,13.933372277923635,-237.53499871049667,-294.9407197676352
297.1005462612045,-370.606792982521,-4027.9494213395174,4.598169495935387,-219.83918196588417,-323.50604445967906
293.25798941053836,-375.1519796713539,-4033.177594236861,-4.737033286052865,-202.1433652212717,-352.07136915172293
276.004973786144,-377.46239338666527,-4037.5329849062696,-12.427988718743224,-180.6869519213568,-379.0497658797257
258.7519581617496,-379.77280710197664,-4041.8883755756788,-20.11894415143359,-159.2305386214419,-406.0281626077285
201.59973794078303,-379.4918456295942,-4050.196655866261,-29.40231007380317,-115.30468679952499,-452.70908739799637
165.3830206755092,-376.887200594306,-4055.328397236293,-30.029306088723217,-95.63993013440223,-470.9069778394068
129.1663034102354,-374.2825555590181,-4060.460138606323,-30.656302103643263,-75.97517346927948,-489.1048682808172
89.95710031643247,-369.3874291098999,-4068.060720083219,-27.047030982609378,-60.40021726023825,-501.41867391504474
50.74789722262957,-364.4923026607817,-4075.6613015601147,-23.43775986157549,-44.82526105119703,-513.7324795492722
-24.02474770657452,-350.77537803114404,-4098.7976583876625,-9.162738974772369,-22.82129855308313,-526.7872518384695
-55.42075668611512,-342.3920515740583,-4115.484317164026,-0.15112656356958354,-15.5991298000129,-528.3899444257277
-86.81676566565572,-334.00872511697264,-4132.17097594039,8.860485847633203,-8.37696104694267,-529.9926370129857
-109.38196397941948,-324.60833040134344,-4154.449266125515,17.316904909748757,-3.2045363205320125,-528.0896480762169
-131.94716229318323,-315.2079356857142,-4176.72755631064,25.773323971864308,1.9678884058786448,-526.1866591394481
-144.58790544241032,-305.3320791631395,-4204.164763156208,30.80843778925153,7.204583778601557,-522.4605065599992
-157.2286485916374,-295.4562226405648,-4231.601970001778,35.843551606638755,12.441279151324467,-518.73435398055
-164.1514456315023,-275.8513163713054,-4293.98220880065,33.36520219747815,26.79388304917605,-510.8857983340432
-160.77831948770427,-266.659150482237,-4326.666800760871,23.492274551518324,37.01278884102724,-508.0448862462332
-157.40519334390626,-257.4669845931686,-4359.3513927210915,13.6193469055585,47.23169463287843,-505.20397415842314
-150.63307739859198,-249.39335074430068,-4390.717182745985,-6.33285420418298,60.51394963736153,-504.1848627808062
-143.8609614532777,-241.3197168954328,-4422.082972770878,-26.28505531392446,73.79620464184462,-503.16575140318906
-131.23285207344514,-228.3290545420121,-4476.289844675048,-86.8525646686188,104.3486477048771,-504.9982977779196
-128.95998571744863,-223.79599672669588,-4496.52997313127,-126.4437785362731,119.75640745328606,-507.3801145332645
-126.68711936145212,-219.2629389113796,-4516.770101587491,-166.0349924039274,135.16416720169502,-509.76193128860945
-131.17293533445178,-216.9648174949736,-4528.318389908626,-212.7635645031776,148.57692941797248,-512.7011237752031
-135.65875130745138,-214.66669607856758,-4539.8666782297605,-259.4921366024278,161.98969163424994,-515.6403162617968
-148.36743037069238,-214.72529349394574,-4541.968981183909,-310.3617968886515,171.64612197958974,-518.0004672875856
-161.07610943393337,-214.783890909324,-4544.071284138057,-361.2314571748751,181.3025523249296,-520.3606183133744
-203.09922563623604,-219.48637850449816,-4530.252622279164,-464.5059910619596,191.45339664444785,-521.6472419478818
-231.23414529685328,-223.8613856243386,-4515.8585804932345,-513.6542801055183,192.42647410818046,-519.6315334315574
-259.3690649574705,-228.236392744179,-4501.464538707307,-562.802569149077,193.39955157191312,-517.615824915233
-292.5181004387128,-234.1697257355076,-4481.919802402094,-606.771410627077,192.11392313969571,-512.326367149853
-325.6671359199552,-240.10305872683614,-4462.375066096884,-650.7402521050769,190.82829470747825,-507.03690938447306
-396.8168972182546,-253.8483249021283,-4418.433618089906,-724.7238098609424,189.61136696911697,-489.43452034541536
-432.22443529039737,-260.9660777746048,-4396.688868382744,-753.9883216052458,193.1501922711847,-477.22956435738763
-467.6319733625402,-268.0838306470813,-4374.944118675581,-783.2528333495493,196.6890175732524,-465.02460836935984
-500.6823054506469,-274.78356122100615,-4355.584891563245,-805.0568104406365,207.65304548627049,-449.77858543554686
-533.7326375387537,-281.48329179493106,-4336.225664450909,-826.8607875317233,218.61707339928864,-434.5325625017339
-562.9178641774123,-287.25090354117384,-4320.621235507672,-842.2970763198102,239.35480053278624,-416.7414540983864
-592.103090816071,-293.0185152874168,-4305.0168065644375,-857.7333651078967,260.09252766628384,-398.9503456950389
-641.3325501698869,-302.17545434039397,-4282.221046191347,-879.1153523510858,322.7832307961337,-359.29843497534927
-661.443782483606,-305.63944078360083,-4274.617268955832,-886.8812902856598,363.7534492936898,-337.8722915578686
-681.5550147973253,-309.1034272268075,-4267.013491720315,-894.6472282202337,404.72366779124593,-316.4461481403879
-697.85722960819,-311.8805776462468,-4262.131704035177,-901.20910941784,452.5702518236212,-293.73333187026003
-714.1594444190547,-314.6577280656862,-4257.249916350038,-907.7709906154463,500.4168358559964,-271.0205156001321
-741.3730180504512,-320.31302247709124,-4250.0577901128445,-921.3113657136096,601.6303967879107,-223.40562108475086
-753.5974019162022,-324.1311875177289,-4246.257950085304,-929.2972492022524,650.1793648091033,-198.60731547903927
-765.8217857819534,-327.9493525583667,-4242.458110057765,-937.2831326908953,698.7283328302957,-173.80900987332762
-777.9857420016976,-333.7444126638195,-4237.165744676706,-947.097734880504,740.4991930089883,-148.08240436503667
-790.149698221442,-339.5394727692723,-4231.8733792956455,-956.9123370701128,782.2700531876808,-122.35579885674568
-803.4442801090186,-348.1646160419339,-4224.14581673501,-968.8585098051857,813.4152713726785,-95.7619616904532
-816.7388619965953,-356.78975931459536,-4216.418254174374,-980.8046825402582,844.5604895576761,-69.16812452416072
-847.5337405978571,-380.8014902334198,-4194.9342090719465,-1009.1619457539086,880.8557254398938,-14.397501457036268
-865.7377267433154,-396.31117881559305,-4180.867803476147,-1025.5532957289388,885.4336241620572,13.702733874119444
-883.941712888774,-411.82086739776634,-4166.801397880348,-1041.944645703969,890.0115228842208,41.80296920527515
-905.3556528840655,-430.4771091694479,-4149.211411390617,-1060.4255825556193,882.2484556787023,70.57985195059257
-926.7695928793573,-449.13335094112944,-4131.621424900885,-1078.9065194072698,874.4853884731838,99.35673469590999
-976.162114097081,-491.1324274822202,-4088.898523655194,-1119.4759610304986,839.7370296553186,158.36281122133553
-1003.8458783475496,-513.3459586531472,-4063.3717117393016,-1140.996944193761,816.4619143475389,188.76915598618282
-1031.5296425980184,-535.5594898240744,-4037.84489982341,-1162.5179273570234,793.1867990397592,219.17550075103009
-1061.5046681721574,-557.7181308693541,-4007.6218809024263,-1184.2893587004792,768.074879675509,250.800748195428
-1091.4796937462963,-579.8767719146339,-3977.3988619814418,-1206.060790043935,742.9629603112587,282.425995639826
-1122.6346987405063,-600.7916961042616,-3941.9399281908254,-1226.5811857307476,719.8234789420702,315.6932092985716
-1153.7897037347166,-621.7066202938894,-3906.4809944002113,-1247.1015814175598,696.6839975728816,348.9604229573172
-1215.4679710979356,-659.2541992261597,-3824.4400793655627,-1281.6006150200951,660.4833736571501,419.6908171491794
-1244.2044681790626,-675.4426021639124,-3778.0079766922468,-1293.1707728291808,649.4444287311237,457.53553748051314
-1272.9409652601892,-691.631005101665,-3731.5758740189294,-1304.7409306382667,638.4054838050973,495.38025781184683
-1297.6600847249103,-705.322444066397,-3680.581783576654,-1308.1036088237495,635.3056342415699,535.8923051295343
-1322.379204189632,-719.013883031129,-3629.587693134377,-1311.4662870092325,632.2057846780424,576.4043524472218
-1360.1370640893351,-742.6055081365913,-3521.7975334659527,-1297.2375293246198,641.5000997148304,662.5426373945753
-1371.6907493381527,-753.5034150053606,-3467.4170789502973,-1278.0583254623516,652.8243116409308,707.6972858323361
-1383.2444345869708,-764.4013218741297,-3413.036624434641,-1258.879121600083,664.1485235670312,752.8519342700965
-1386.5528560473142,-775.6039941267965,-3361.096933950615,-1227.1111809560048,680.4440060768833,799.2555197454255
-1389.8612775076574,-786.8066663794632,-3309.1572434665904,-1195.3432403119266,696.7394885867351,845.6591052207544
-1384.7300857938917,-799.4924221375262,-3262.6892791032146,-1151.7772491786093,715.8992898038975,892.1726406308765
-1379.5988940801258,-812.1781778955894,-3216.22131473984,-1108.211258045292,735.0590910210602,938.6861760409984
-1353.628224878388,-842.3788821599705,-3139.5026985276595,-1001.7868551717957,774.4785767568413,1029.2921450746087
-1334.0809840167708,-860.4061858854104,-3111.001396409134,-942.2468511047873,792.3646526351221,1072.0409625028149
-1314.5337431551538,-878.4334896108505,-3082.500094290609,-882.706847037779,810.2507285134029,1114.7897799310213
-1290.2285891106735,-899.3915576279048,-3064.338065603697,-820.8991477369998,824.0023388350166,1153.7841665238714
-1265.9234350661936,-920.3496256449589,-3046.176036916785,-759.0914484362207,837.7539491566303,1192.7785531167208
-1238.8911573720593,-943.743060168111,-3037.391768874127,-699.2232626592953,845.2496965954045,1227.1046216905065
-1211.858879677925,-967.1364946912632,-3028.6075008314674,-639.3550768823702,852.7454440341787,1261.430690264292
-1156.2113709680216,-1017.0120272540573,-3025.1591347396798,-530.8798305021603,851.675066315147,1319.67708602987
-1129.1404430363118,-1042.381763418975,-3027.172403571958,-484.8385642448517,841.8738955466156,1343.4691558065726
-1102.0695151046023,-1067.7514995838928,-3029.1856724042373,-438.79729798754295,832.0727247780843,1367.2612255832753
-1076.6923335350778,-1092.4272540336067,-3031.171687787828,-401.95795530491273,812.5203332834012,1385.9591848998566
-1051.3151519655523,-1117.1030084833203,-3033.157703171419,-365.11861262228257,792.9679417887178,1404.6571442164384
-1004.4489696933856,-1163.1837789341037,-3030.0095646949267,-308.3962655273908,735.2491078497787,1432.8753200012518
-982.5708284220308,-1183.9810186891793,-3022.2305754752415,-286.2000517358995,698.5452182379687,1443.038582479854
-960.6926871506756,-1204.7782584442552,-3014.4515862555572,-264.0038379444082,661.841328626159,1453.2018449584561
-939.513303052506,-1223.1303570531086,-2999.218415745455,-244.50217149215786,619.7152031914725,1460.0642190768972
-918.3339189543362,-1241.4824556619615,-2983.985245235353,-225.00050503990758,577.5890777567861,1466.9265931953382
-875.227307375586,-1273.6735684540565,-2939.4116277032213,-183.43032745654247,488.77681713138463,1475.1135427342824
-852.2805700345856,-1287.997699503916,-2912.0664636881047,-157.623473369738,445.5380716127783,1476.7828888248052
-829.333832693585,-1302.3218305537753,-2884.7212996729872,-131.81661928293354,402.29932609417193,1478.452234915328
-804.2553971044424,-1315.5080745407674,-2855.549318848245,-98.19258232346736,363.4423989322976,1477.8299400660758
-779.1769615152997,-1328.6943185277596,-2826.3773380235034,-64.56854536400121,324.58547177042334,1477.207645216823
-751.6484839609163,-1341.3577270415406,-2799.2520585962898,-21.799544587258843,292.52297247559665,1474.2349257569956
-724.1200064065329,-1354.0211355553204,-2772.126779169077,20.969456189483513,260.46047318076995,1471.2622062971673
-664.4170847578782,-1379.1987273377426,-2729.5726533929987,124.02665110880085,212.1786395003181,1460.2242273455215
-632.7326137644177,-1391.8956925472355,-2717.180362676795,182.2958986161689,195.5164323895743,1451.8951165949586
-601.048142770957,-1404.5926577567286,-2704.7880719605905,240.56514612353703,178.85422527883048,1443.5660058443952
-568.225028675339,-1417.2845006566379,-2703.016369905545,302.3088247772133,167.65584741484747,1432.1602966463956
-535.4019145797209,-1429.9763435565478,-2701.244667850501,364.05250343088966,156.4574695508644,1420.7545874483967
-468.9059173355562,-1454.6093408975892,-2719.261832049677,486.6901841994024,138.43520743372147,1391.3475595165658
-435.8083753003989,-1466.017952679876,-2737.6682685456312,543.7709200741815,127.65888739432724,1373.194807617208
-402.7108332652415,-1477.4265644621635,-2756.0747050415853,600.8516559489607,116.88256735493306,1355.0420557178504
-370.11345064135554,-1487.3561347808857,-2781.282887838553,650.6488685200802,100.47336470394809,1333.3621886157155
-337.51606801746937,-1497.2857050996079,-2806.4910706355213,700.4460810911997,84.06416205296317,1311.6823215135812
-305.54781431713366,-1505.2475640700345,-2835.2393077001457,741.1948652795547,59.027508754436816,1286.463454606483
-273.57956061679783,-1513.2094230404605,-2863.987544764771,781.94364946791,33.990855455910484,1261.244587699385
-210.8997966766808,-1524.5636865769075,-2922.0092037034424,844.8720500953305,-36.273963165365245,1203.8237197293884
-180.20303613619458,-1527.8479780929465,-2948.605591710988,868.2882119729384,-81.06960105386528,1171.733150831662
-149.5062755957083,-1531.1322696089853,-2975.2019797185326,891.7043738505463,-125.86523894236531,1139.6425819339356
-119.63338539821189,-1532.1036609318055,-2997.7661351916854,909.4438473127216,-177.9850851921879,1104.3680268731682
-89.76049520071541,-1533.0750522546255,-3020.330290664836,927.1833207748967,-230.10493144201058,1069.093471812401
-32.56249679341197,-1530.787499768039,-3056.7072720771007,957.2388285495626,-341.25778819282675,992.8049781524027
-5.971631700789995,-1527.7453919440577,-3071.390772181803,972.4859520294427,-395.5885611239842,952.2586285781427
20.619233391831976,-1524.703284120076,-3086.0742722865057,987.7330755093228,-449.9193340551416,911.712279003883
44.274343703970565,-1519.8994380517215,-3099.0298389646405,1005.5130893407123,-498.3403285102332,869.4058034774404
67.92945401610915,-1515.0955919833675,-3111.9854056427753,1023.2931031721016,-546.7613229653248,827.0993279509978
87.71202307837324,-1508.5138557376508,-3125.4205893209937,1044.8780139457904,-585.5191377606377,783.8402892516466
107.49459214063732,-1501.932119491934,-3138.855772999212,1066.4629247194791,-624.2769525559507,740.5812505522954
137.8963761213536,-1484.8244368465882,-3170.896510871089,1117.331482400391,-678.1625498579183,654.0057117089087
148.26371771580074,-1473.956217283038,-3191.034854314293,1145.509504582682,-693.104887605252,611.6384278165749
158.63105931024785,-1463.0879977194877,-3211.173197757497,1173.687526764973,-708.0472253525853,569.2711439242411
164.5286540644091,-1449.494330219253,-3236.0791532711933,1202.66405877244,-712.7344390333722,528.6770804998831
170.42624881857031,-1435.9006627190186,-3260.985108784889,1231.6405907799076,-717.4216527141591,488.0830170755252
175.31255513269522,-1402.52221332546,-3319.681853390765,1286.5526098916216,-712.7908638458214,411.6906796519324
175.85694352245412,-1382.5216967633594,-3352.306228685265,1310.3097238951566,-707.5177401709348,376.17563348998686
176.40133191221298,-1362.521180201259,-3384.9306039797652,1334.0668378986916,-702.2446164960481,340.6605873280414
176.8958216145481,-1339.236761956828,-3419.1380031421627,1352.5386539748454,-698.0043447015499,307.70152098751225
177.3903113168832,-1315.9523437123974,-3453.345402304559,1371.010470050999,-693.764072907052,274.74245464698305
179.63956422390598,-1289.6957770836098,-3487.3290905850313,1383.4978116865411,-693.7003047722957,243.8069447915961
181.8888171309288,-1263.4392104548222,-3521.312778865503,1395.985153322083,-693.6365366375398,212.87143493620917
192.70572043053014,-1206.1379745797599,-3585.811730827468,1409.5353555542013,-705.3187111165961,153.32379366581668
201.9841188840057,-1175.8627679794765,-3615.424708853805,1411.7079675414814,-717.1497513427174,123.66734216516123
211.26251733748126,-1145.587561379193,-3645.037686880141,1413.8805795287603,-728.9807915688388,94.01089066450571
224.2684913439059,-1114.532547355538,-3671.866349451362,1413.0863710719652,-745.3924054407591,63.437431960932074
237.2744653503305,-1083.4775333318837,-3698.6950120225843,1412.29216261517,-761.8040193126794,32.863973257358424
268.7875643953274,-1021.3853541666216,-3747.906625209334,1408.2685335965348,-798.9304724625732,-31.76190889192297
285.68387626922265,-990.9636777447597,-3771.3442682928294,1406.4839904979522,-816.8734544587952,-66.25410433956165
302.5801881431179,-960.5420013228976,-3794.7819113763253,1404.699447399369,-834.816436455017,-100.74629978720036
318.7168560124868,-931.1101932141936,-3818.2726818920396,1403.9515010720843,-849.7351853330538,-137.37191503122608
334.8535238818557,-901.6783851054894,-3841.7634524077553,1403.2035547447995,-864.6539342110907,-173.99753027525182
348.45918677999566,-873.3322122785414,-3866.3422673631867,1403.4907373049575,-875.0863048918086,-212.21443485123748
362.0648496781356,-844.9860394515937,-3890.921082318618,1403.777919865116,-885.5186755725266,-250.4313394272233
381.7193944071153,-790.1986451911152,-3943.3681583944926,1404.8244666598187,-896.9774362175502,-328.14559023369463
387.32982828565247,-763.4856051952679,-3971.153850090837,1404.1792536522105,-899.0012468098635,-366.45355255665095
392.9402621641897,-736.7725651994206,-3998.9395417871806,1403.5340406446023,-901.0250574021768,-404.76151487960715
394.8111400040985,-710.4470216008467,-4027.5713855916497,1400.0333044409174,-901.2062539446542,-441.3135459673809
396.68201784400736,-684.1214780022731,-4056.203229396119,1396.532568237233,-901.3874504871317,-477.86557705515463
395.5322449503951,-631.8478685825228,-4112.794814050196,1380.6417635715356,-902.382025384406,-545.4629226564231
394.3355748656266,-605.8816611641222,-4139.39043357634,1367.1153817728882,-905.0077966245253,-575.9060007004233
393.1389047808581,-579.9154537457216,-4165.986053102483,1353.588999974241,-907.6335678646443,-606.3490787444232
393.26342507558525,-554.3183242102978,-4189.665130425654,1334.0541931094608,-913.3049531953868,-633.3357798493632
393.38794537031225,-528.7211946748739,-4213.3442077488235,1314.5193862446804,-918.976338526129,-660.3224809543034
396.4513949976464,-503.88551352286134,-4233.332058409329,1289.365600086101,-927.4004503116034,-684.2579494227031
399.51484462498064,-479.0498323708486,-4253.3199090698345,1264.2118139275215,-935.8245620970779,-708.1934178911027
413.35127704292296,-431.92203332515913,-4285.6217625295785,1204.9675440911294,-955.175726255955,-751.5880006375014
424.11522553484946,-410.14728452707504,-4298.455842489493,1172.5884340349876,-963.7144305110724,-772.0886773414534
434.87917402677596,-388.37253572899084,-4311.289922449408,1140.2093239788458,-972.2531347661895,-792.5893540454052
448.53724469396263,-368.7918470558215,-4321.872356029414,1107.047652042733,-976.9438547462892,-812.9410350552496
462.1953153611492,-349.2111583826519,-4332.45478960942,1073.8859801066203,-981.6345747263887,-833.2927160650937
491.89601288342436,-314.8233522686625,-4351.842698556119,1009.8105300731247,-978.5917125951539,-875.3688434716672
505.8455591402878,-299.9403611042757,-4361.996255389928,980.4371081548406,-969.4507471679403,-897.5479909616861
519.7951053971511,-285.05736993988893,-4372.149812223737,951.0636862365567,-960.3097817407263,-919.7271384517047
530.8034882146579,-272.14095514379613,-4383.7921859003245,925.3171389445047,-943.4962882338657,-943.03705927545
541.8118710321648,-259.22454034770334,-4395.434559576914,899.5705916524531,-926.682794727005,-966.346980099195
548.3192162364179,-247.7185685113384,-4409.053017589669,877.7423785432998,-903.5813167325304,-990.3275474066496
554.8265614406707,-236.2125966749733,-4422.671475602426,855.9141654341465,-880.4798387380557,-1014.3081147141044
557.3092541830069,-214.68589756370534,-4453.567755260013,819.3949122162701,-826.8288015178982,-1062.0071614582798
553.4450162841437,-204.006398639894,-4470.123304068565,803.8459171773175,-799.47873833627,-1084.7571682968874
549.5807783852804,-193.3268997160826,-4486.678852877117,788.2969221383647,-772.1286751546418,-1107.5071751354947
541.6154701681692,-182.1958972320919,-4503.232979964493,774.290299707153,-747.3845924425227,-1128.223427006683
533.6501619510578,-171.0648947481012,-4519.78710705187,760.2836772759413,-722.6405097304039,-1148.9396788778718
523.1607161473529,-159.15373956962102,-4535.116147500009,746.5576851482922,-702.8634921499748,-1166.9046218450005
512.671270343648,-147.2425843911409,-4550.4451879481485,732.8316930206433,-683.0864745695453,-1184.869564812129
490.14904012488813,-121.68717216459152,-4576.548934723571,703.6161773072827,-655.5870347547682,-1214.5443936118056
479.61576102727724,-108.18167340396481,-4586.674668841234,687.2015263073407,-647.3873656134573,-1226.261162960685
469.0824819296663,-94.67617464333807,-4596.800402958897,670.7868753073985,-639.1876964721462,-1237.9779323095647
460.1634159802745,-80.74471752537309,-4603.876198247324,651.9466376693707,-634.6378132552303,-1246.9171856569965
451.24435003088274,-66.81326040740814,-4610.951993535749,633.106400031343,-630.0879300383141,-1255.8564390044278
436.7634172906803,-38.84999454637679,-4619.778542307146,589.9583381570474,-622.519076643841,-1269.2962178010366
430.43323122411886,-25.175250712965408,-4622.285379116129,565.6090459044243,-616.2920724439875,-1274.4047270993656
424.1030451575575,-11.500506879554017,-4624.792215925112,541.2597536518008,-610.065068244134,-1279.513236397695
417.2697954081144,1.6020871748354208,-4626.285251738075,514.2932176017729,-598.5906657521497,-1283.498146105124
410.43654565867126,14.704681229224857,-4627.778287551038,487.32668155174485,-587.1162632601653,-1287.4830558125527
401.3821781700685,27.098170137388905,-4629.0256560948355,458.03338547211706,-568.6167612452406,-1290.5757816375724
392.32781068146585,39.49165904555296,-4630.273024638635,428.7400893924893,-550.1172592303159,-1293.6685074625925
366.5564167335192,62.82930352883064,-4633.117724416851,366.2459494068138,-498.32092754444017,-1297.8743164363145
348.7261207559837,73.83375236854991,-4634.660147319373,333.4739834753646,-466.10066688878175,-1298.5656796332034
330.89582477844806,84.83820120826918,-4636.202570221896,300.70201754391564,-433.88040623312327,-1299.2570428300928
307.78187351814097,95.2451342421123,-4637.334144884335,266.8823147844374,-397.5748792536349,-1297.8699492098724
284.667922257834,105.65206727595543,-4638.4657195467735,233.0626120249593,-361.26935227414657,-1296.4828555896522
228.95270968614463,125.27348717010678,-4638.148869088568,164.37756214072047,-286.18012671718515,-1287.9931933331527
197.68359373295738,134.37014227814717,-4635.6975579300515,130.07715692265853,-250.17583375690205,-1280.1548918727026
166.41447777977015,143.46679738618755,-4633.246246771532,95.77675170459659,-214.17154079661893,-1272.3165904122525
133.60486065569557,151.59374113188298,-4627.6407583533755,62.09748518448953,-181.78245942613876,-1260.3374576037468
100.79524353162095,159.72068487757846,-4622.035269935218,28.41821866438243,-149.39337805565856,-1248.3583247952415
36.20115870118083,173.29431582956693,-4603.555845324771,-36.60690241216038,-93.69138477867685,-1215.6087863653918
6.275892651305983,178.3163369366056,-4590.736243525343,-67.50359250846938,-69.99580832334824,-1194.9211459647765
-23.649373398568862,183.33835804364426,-4577.916641725914,-98.40028260477837,-46.30023186801962,-1174.2335055641613
-49.84740292862024,186.20013837370172,-4562.132273597187,-127.3922864267143,-25.243632842266717,-1149.6350940653185
-76.04543245867163,189.06191870375915,-4546.34790546846,-156.38429024865027,-4.187033816513819,-1125.0366825664757
-97.84249603112373,189.48267613320405,-4528.6647329360085,-183.38937683039768,16.431544929967618,-1097.1776215738978
-119.63955960357586,189.9034335626489,-4510.981560403556,-210.3944634121451,37.050123676449054,-1069.3185605813198
-154.47716705040847,185.66131140254944,-4474.405681735133,-260.70185360490785,81.95715430222991,-1008.6683442695987
-168.0974421852327,181.10532378351604,-4456.7508160757925,-284.3231994641611,107.96697406046556,-976.7061524507519
-181.71771732005692,176.5493361644826,-4439.095950416451,-307.94454532341445,133.9767938187012,-944.7439606319057
-192.42852033779658,169.85478374823822,-4422.976955121974,-330.4571550763195,164.230693162953,-911.9151559187593
-203.13932335553628,163.16023133199386,-4406.857959827497,-352.96976482922463,194.4845925072048,-879.0863512056128
-220.56612308496486,146.34380879329325,-4378.413627186095,-396.612493192005,262.34007882105914,-813.0011057120308
-227.9674910601073,136.6858778471604,-4365.823029467534,-418.0345943194511,298.19813229609656,-780.2599342919887
-235.3688590352497,127.02794690102756,-4353.232431748974,-439.4566954468973,334.0561857711341,-747.5187628719466
-241.76537637707702,116.52681873340195,-4341.441886008537,-460.54597651083816,369.29689348465234,-715.4709275872002
-248.16189371890425,106.02569056577632,-4329.6513402680985,-481.63525757477913,404.53760119817065,-683.4230923024537
-253.46213241727432,94.95089546175693,-4317.455405809944,-502.17811647746083,436.36894025380485,-652.3715431889233
-258.76237111564427,83.87610035773756,-4305.259471351789,-522.7209753801426,468.2002793094391,-621.3199940753924
-266.4048108743283,60.758809137997844,-4277.460810628905,-561.743383962491,520.1937014358696,-561.7124347784398
-268.27040048457377,48.631552055024756,-4260.773146119325,-579.5408768472024,538.81003574494,-533.3814408345971
-270.1359900948192,36.504294972051675,-4244.085481609746,-597.3383697319139,557.4263700540105,-505.0504468907545
-269.7020412226756,23.6011424170808,-4223.996446174048,-612.6720486789956,568.2871770106256,-478.3942174519359
-269.268092350532,10.697989862109923,-4203.90741073835,-628.0057276260769,579.1479839672406,-451.7379880131172
-263.75459243500154,-17.147571001686348,-4156.946852129601,-652.421814735988,586.9550495928596,-402.0962299774097
-259.06545062793936,-32.271917705555296,-4130.7161847624775,-661.0795902841563,585.5934459667131,-379.19819638804114
-254.37630882087714,-47.39626440942424,-4104.485517395353,-669.7373658323247,584.2318423405668,-356.30016279867266
-248.52724592140618,-63.75739493158778,-4076.637079452292,-674.7632768926455,579.7056564659633,-335.30858666621475
-242.67818302193518,-80.11852545375132,-4048.788641509232,-679.7891879529662,575.1794705913599,-314.31701053375684
-236.67237354549735,-97.55607981274224,-4020.692720613761,-681.4796097665408,569.4334342900456,-295.0971497845132
-230.66656406905958,-114.9936341717332,-3992.5967997182893,-683.1700315801154,563.6873979887313,-275.87728903526937
-220.34387398112156,-151.3125379088845,-3938.5047874492548,-681.1305957080243,552.339084533372,-240.50147474005263
-216.77434408242402,-169.69868341309754,-3913.438742959384,-678.2278106866544,547.0732147042627,-224.04534753053832
-213.20481418372654,-188.08482891731063,-3888.3726984695118,-675.3250256652842,541.8073448751535,-207.58922032102402
-211.5189575107009,-206.15594021530515,-3865.6408093057703,-671.3865067944217,536.3010287969897,-192.07375214953652
-209.83310083767518,-224.22705151329964,-3842.9089201420284,-667.4479879235591,530.794712718826,-176.55828397804908
-209.71575028950767,-258.7879483842533,-3801.5271586841627,-658.8388951436276,516.534568056967,-147.00250433164112
-210.52702351396846,-274.9715106979806,-3782.022687610801,-654.4896562010526,506.129669683291,-132.91506175900452
-211.3382967384293,-291.1550730117079,-3762.518216537439,-650.1404172584777,495.7247713096149,-118.82761918636793
-211.94532850103627,-306.1722721623655,-3743.012050302404,-645.6156279982065,480.688860183924,-105.57584462446812
-212.55236026364318,-321.1894713130232,-3723.5058840673682,-641.0908387379355,465.65294905823333,-92.32407006256832
-211.84365076924942,-335.2200926902249,-3702.798463731123,-635.7975165693174,445.436271726096,-80.23598363878206
-211.1349412748556,-349.2507140674266,-3682.091043394878,-630.5041944006994,425.2195943939587,-68.14789721499585
-205.40525515592674,-376.10002039233876,-3636.543580748974,-616.4536502876988,375.58534788226575,-47.20200417854775
-200.07462991567107,-389.39932376541844,-3611.465761636996,-606.5420787102255,347.92156628991586,-38.81870816455728
-194.74400467541543,-402.6986271384982,-3586.3879425250184,-596.6305071327524,320.25778469756585,-30.43541215056681
-187.31092983809276,-416.3217583589248,-3559.5680901949263,-582.7216936181338,292.4135808464196,-24.51829499072683
-179.8778550007701,-429.9448895793512,-3532.748237864833,-568.812880103515,264.56937699527333,-18.601177830886854
-162.84498255669502,-458.4103727467029,-3478.368265013173,-531.3530035558972,214.64890752315927,-12.02818753178571
-154.73921528802902,-473.2742275214212,-3452.8290604747162,-507.46942181041817,195.382794437096,-11.245946548828359
-146.63344801936302,-488.13808229613954,-3427.2898559362593,-483.58584006493913,176.11668135103287,-10.463705565871011
-140.5989271390475,-503.3459878737418,-3405.7672663005574,-454.8307980198121,164.46229497618646,-11.747385616658551
-134.56440625873208,-518.553893451344,-3384.2446766648554,-426.07575597468497,152.80790860134002,-13.031065667446091
-132.06070712583096,-533.5357630304222,-3369.0596597955823,-393.3626493607792,149.31899296337681,-15.676790040023045
-129.55700799292978,-548.5176326095003,-3353.874642926309,-360.6495427468733,145.83007732541358,-18.3225144126
-133.4449552467567,-576.5086562478006,-3339.9317328442085,-290.2063215503959,153.18797001660602,-24.616329883980647
-139.9761310628752,-588.7090520232722,-3342.2718670071918,-254.27261049525598,161.634459449436,-27.39677608217575
-146.50730687899372,-600.9094477987437,-3344.612001170176,-218.338899440116,170.08094888226606,-30.177222280370845
-156.9183409331182,-610.6182679390529,-3356.3813720385897,-183.58829694854717,179.951346556051,-31.87715751057896
-167.32937498724272,-620.3270880793617,-3368.150742907004,-148.83769445697828,189.8217442298359,-33.57709274078707
-193.03415181456452,-633.8821541564113,-3408.7525425996355,-85.1698976026548,205.18112749786258,-33.96519949443122
-206.43633515293652,-637.6412401985831,-3435.8078245177535,-57.59940802714668,207.5220409646754,-32.595198716156176
-219.8385184913086,-641.400326240755,-3462.8631064358697,-30.02891845163857,209.86295443148828,-31.22519793788113
-231.82534394840226,-642.4315009430734,-3494.293329364832,-7.530644972870211,204.82287929708045,-28.602607018915386
-243.81216940549592,-643.4626756453919,-3525.723552293794,14.967628505898151,199.78280416267282,-25.980016099949648
-252.74066734930452,-642.3821844300627,-3558.9097000191637,32.17632628830157,186.82545969288017,-22.70952509509029
-261.669165293113,-641.3016932147333,-3592.0958477445342,49.38502407070497,173.86811522308759,-19.439034090230933
-271.41398749516344,-636.5645347818446,-3657.0204418492826,73.87709239125775,134.2075714535487,-13.117917740253713
-272.0559769058649,-633.7796625109297,-3686.744424861496,81.90008116756232,109.86697281389004,-10.804601535682162
-272.69796631656646,-630.9947902400148,-3716.468407873709,89.92306994386688,85.5263741742314,-8.491285331110607
-269.7539346636205,-628.5485952955596,-3742.123661187809,94.69096652912523,59.8215691177493,-7.573123980282687
-266.8099030106746,-626.1024003511043,-3767.778914501909,99.45886311438359,34.116764061267205,-6.654962629454768
,,,,,
-1099.098921480257,365.9917902078425,-3964.0514422692045,-675.8824881620036,487.44565643926916,144.04519401971683
-1105.8866172666276,332.5917713585585,-3910.081279835735,-801.1731105806932,578.1038790081739,121.1792370273983
-1112.6743130529983,299.19175250927447,-3856.111117402266,-926.463732999383,668.7621015770785,98.31328003507979
-1139.738588660452,267.9305181182351,-3798.446344013083,-945.0130226996027,654.2000703042929,79.39292732561391
-1166.8028642679058,236.66928372719573,-3740.7815706239003,-963.5623123998224,639.6380390315073,60.47257461614803
-1254.6268670175036,196.4165807153065,-3646.4600765590876,-738.5192111010032,342.0504806892,39.87575091163452
-1307.2156454974474,195.5326788713835,-3623.0511501532637,-497.28905225204073,54.78294244687072,41.2603835960846
-1359.8044239773915,194.6487770274605,-3599.6422237474403,-256.05889340307834,-232.48459579545857,42.64501628053468
-1409.78621262476,218.30034196985014,-3608.8639777588323,82.77784740412358,-633.230990548114,56.36067888613809
-1459.7680012721285,241.95190691223974,-3618.085731770225,421.6145882113255,-1033.9773853007696,70.07634149174149
-1530.8072131145768,340.3588317650831,-3705.604825530201,1183.5082510483865,-1957.4552225226969,117.8881659955843
-1542.2890096919518,411.219534017344,-3777.7510156075864,1536.7525692675172,-2408.2198857025887,147.23934825012336
-1553.7708062693268,482.0802362696049,-3849.8972056849716,1889.9968874866477,-2858.9845488824803,176.5905305046624
-1536.3848640660558,566.1759893279567,-3937.0084691394122,2145.205968169287,-3220.2275466875817,204.80205248777418
-1518.9989218627845,650.2717423863085,-4024.1197325938533,2400.4150488519263,-3581.4705444926835,233.0135744708859
-1429.2536213819628,821.7691879404618,-4192.039253766231,2602.2040725511906,-3985.137278052954,272.7665094623834
-1364.564949793878,896.5221837853363,-4253.873026797309,2518.7035279076954,-3980.728871693712,277.96523719772034
-1299.876278205793,971.2751796302108,-4315.7067998283865,2435.2029832641997,-3976.3204653344696,283.1639649330573
-1227.964700408909,1023.7060844612693,-4339.830294581772,2170.407308418802,-3752.3250448804165,269.5898230720612
-1156.0531226120252,1076.1369892923278,-4363.953789335159,1905.6116335734046,-3528.329624426363,256.0156812110652
-1027.756551744999,1120.7018266097418,-4319.75285868617,1086.3692204759254,-2689.6628772706877,189.66753548221368
-985.6200748579485,1110.0060891016667,-4252.223666114721,595.025328735142,-2133.5660844278063,139.74159368791427
-943.483597970898,1099.3103515935916,-4184.694473543272,103.68143699435863,-1577.469291584925,89.81565189361487
-933.842269177964,1058.2947932208122,-4082.0781508818814,-391.9057450096944,-967.3746961004696,29.340568906312527
-924.2009403850299,1017.279234848033,-3979.461828220491,-887.4929270137474,-357.28010061601407,-31.13451408098982
-978.8599936502482,889.6637803490444,-3740.0951759710033,-1733.733200718656,787.023490190553,-156.08022781781395
-1040.66953415566,813.8724340269398,-3625.451644868227,-2023.2192252953207,1236.9776477186992,-211.14916143330714
-1102.4790746610718,738.0810877048351,-3510.8081137654503,-2312.7052498719854,1686.9318052468452,-266.21809504880036
-1189.8359330629344,662.1903720593932,-3422.8645178322076,-2434.18805690395,1953.390790547817,-305.31716974572913
-1277.192791464797,586.2996564139513,-3334.9209218989654,-2555.6708639359144,2219.849775848789,-344.4162444426579
-1475.9863608806565,455.56418040726925,-3245.9177130014027,-2458.30828777228,2330.28965053544,-378.26430705725045
-1572.1071051880003,408.11427424115743,-3253.263395548538,-2268.0887911221216,2183.928270202414,-370.21764299751703
-1668.2278494953441,360.6643680750457,-3260.6090780956733,-2077.8692944719633,2037.566889869388,-362.1709789377837
-1746.977109393048,334.11545499327144,-3318.2527360656154,-1797.8203479950957,1733.1583257205405,-330.1298415482108
-1825.7263692907522,307.5665419114972,-3375.8963940355575,-1517.771401518228,1428.749761571693,-298.0887041586379
-1927.965708916861,293.05353064842285,-3569.8045661764295,-903.4783749525296,638.7316604580932,-194.74902619137342
-1946.6838683165017,299.70269485909637,-3688.1397420294934,-629.4025677792789,230.33779079609906,-130.1844587699489
-1965.4020277161424,306.3518590697699,-3806.4749178825573,-355.32676060602813,-178.05607886589505,-65.61989134852436
-1952.8038602826139,319.3141117831518,-3925.197710953812,-159.87031175294607,-528.1122990482573,4.154373603454857
-1940.2056928490854,332.27636449653374,-4043.920504025067,35.58613710013603,-878.1685192306197,73.92863855543408
-1864.446487142298,355.09617165601594,-4242.750500733752,223.2984202871171,-1355.5541064653357,209.6048809270832
-1810.3812439827936,358.6462885776376,-4308.327013853093,217.46141411140184,-1457.098082953817,270.13738541358543
-1756.3160008232892,362.1964054992593,-4373.9035269724345,211.62440793568655,-1558.6420594422984,330.6698899000877
-1695.8624265563903,354.44948707419616,-4398.812776102761,129.43113536538615,-1526.8932456039652,381.0337006049234
-1635.4088522894917,346.702568649133,-4423.722025233087,47.23786279508575,-1495.1444317656317,431.3975113097591
-1518.247789157275,308.5206904585194,-4395.371015124253,-196.41029521691806,-1224.3920214041868,511.27026684437305
-1466.6770678735406,281.0861561015933,-4350.928265514007,-318.1715334604214,-1032.0531672499826,542.6199271619928
-1415.106346589806,253.6516217446672,-4306.48551590376,-439.9327717039248,-839.7143130957783,573.9695874796126
-1371.9528298991468,222.85611132964434,-4245.145972346092,-529.1251710826682,-642.5434988104362,599.7358679136717
-1328.7993132084878,192.06060091462146,-4183.8064287884245,-618.3175704614115,-445.3726845250942,625.5021483477308
-1255.5792437280613,134.72018339404954,-4056.2265098663784,-695.8452403981935,-133.4455919147465,671.9941355699119
-1221.6565407368444,112.66822291789646,-4002.096069931965,-684.0828794308202,-49.571473732613455,694.8660920860551
-1187.7338377456276,90.61626244174339,-3947.9656299975513,-672.320518463447,34.3026444495196,717.7380486021983
-1152.397076518853,77.54638016485322,-3910.7177749388907,-625.9743503474501,35.158268785350685,740.8602363236178
-1117.0603152920785,64.47649788796306,-3873.46991988023,-579.6281822314534,36.01389312118177,763.9824240450372
-1038.200352205255,55.762267686372546,-3835.1290230657987,-470.0631907965757,-110.57792370721388,808.7404770331291
-994.5476590570163,57.441044406705046,-3829.647389015552,-434.9630348813448,-233.97692168172688,828.1779378070974
-950.8949659087775,59.11982112703755,-3824.165754965306,-399.86287896611384,-357.3759196562399,847.6153985810657
-905.7159494485977,62.61208696275993,-3824.2142920398974,-406.1393677917671,-499.2383548567003,861.492409469589
-860.536932988418,66.10435279848231,-3824.262829114489,-412.4158566174204,-641.1007900571607,875.3694203581123
-776.8724860629454,67.66970765259467,-3816.846921059383,-525.514784720612,-900.3104818660856,887.7694759774881
-744.0413441636413,62.20283155542583,-3801.72492306618,-625.6709204799104,-995.1764336584836,885.4712897808454
-711.210202264337,56.735955458257,-3786.602925072977,-725.8270562392086,-1090.0423854508815,883.1731035842025
-692.0567219098718,43.44254959060287,-3756.208057707512,-848.8203319488434,-1140.4032195456257,873.2819755777025
-672.9032415554067,30.149143722948743,-3725.8131903420467,-971.8136076584782,-1190.76405364037,863.3908475712024
-666.0780770475494,-10.473258593081896,-3636.4856191859194,-1204.1417052193217,-1209.9525238150593,833.5564535087623
-676.8076064457318,-34.84255705776593,-3583.1643145924972,-1282.4536834082674,-1193.252231309827,817.2798207142663
-687.5371358439141,-59.21185552244996,-3529.8430099990755,-1360.7656615972132,-1176.551938804595,801.0031879197703
-707.0069698509615,-83.34575875286552,-3476.6368966562886,-1376.7564075368825,-1153.4262039604837,787.2090761124266
-726.4768038580089,-107.47966198328108,-3423.4307833135017,-1392.7471534765518,-1130.3004691163721,773.414964305083
-766.2084218098097,-146.36721743430078,-3336.6858592391864,-1276.8043105151298,-1109.057955880886,756.7249796976944
-776.8851100500633,-157.71610256340688,-3311.4194993764395,-1149.1537997215892,-1123.3092946929694,755.0220846403624
-787.5617982903169,-169.06498769251297,-3286.153139513693,-1021.5032889280486,-1137.5606335050527,753.3191895830305
-780.3882273235185,-170.89197456701405,-3283.8578303364775,-843.5883605301348,-1179.0071585868775,757.1816021885703
-773.2146563567201,-172.71896144151512,-3281.5625211592615,-665.6734321322209,-1220.4536836687023,761.0440147941101
-711.9351168403587,-159.23344311514555,-3323.697467769901,-269.59587609955713,-1341.1962742605476,773.3298023392097
-656.8230889788994,-147.02575477622153,-3364.0903623551358,-85.43956725789447,-1404.0208339187743,776.8994500199065
-601.7110611174401,-134.81806643729752,-3404.48325694037,98.7167415837682,-1466.845393577001,780.4690977006031
-526.342505654078,-121.61327986764388,-3456.8113378148846,238.70833908645284,-1512.031356187283,776.1338538374787
-450.97395019071587,-108.40849329799023,-3509.139418689399,378.6999365891375,-1557.2173187975652,771.7986099743541
-277.5499241163182,-89.38480893832968,-3619.731432818147,530.1913006597572,-1575.8717578586625,738.2977602106733
-191.51851051293036,-87.28834815619514,-3669.44070765961,535.6758093645951,-1537.9386219272976,706.6459124556552
-105.4870969095425,-85.1918873740606,-3719.1499825010724,541.160318069433,-1500.0054859959328,674.994064700637
-32.94046040398655,-92.33902083806049,-3756.830747442299,484.88898141988386,-1413.3710260607404,628.7911184128423
39.606176101569396,-99.48615430206038,-3794.511512383526,428.6176447703347,-1326.736566125548,582.5881721250475
135.73404174994923,-131.28949038273564,-3839.2059759219705,232.84486409735396,-1074.273153536803,467.87584007085843
152.414870910802,-153.32595098387728,-3846.2230198628,119.77672411283329,-926.0415296793958,405.34432905233325
169.09570007165473,-175.36241158501892,-3853.2400638036293,6.708584128312615,-777.8099058219885,342.81281803380807
153.09716110798894,-199.52431601434563,-3847.62626482853,-95.18201196532023,-629.5680948569028,282.5957080867205
137.09862214432314,-223.68622044367234,-3842.012465853431,-197.07260805895308,-481.32628389181707,222.37859813963289
49.15912873538133,-267.6521075418258,-3814.074450791905,-337.5093244988403,-227.4411929788672,121.67341389205181
-12.861690751541722,-284.0111677242127,-3796.367983593128,-365.28645051744456,-137.65927519948826,87.26889464744441
-74.88251023846477,-300.37022790659967,-3778.661516394351,-393.0635765360488,-47.877357420109306,52.864375402837005
-141.644849343108,-309.4258373178553,-3761.216798826928,-378.50924878653166,-2.3551022377233934,37.75168469844722
-208.40718844775125,-318.48144672911104,-3743.772081259505,-363.9549210370145,43.16715294466252,22.638993994057437
-322.98060865240245,-322.98622519439806,-3715.328600496141,-268.97491641874456,51.25950594030233,30.718259534764798
-358.31320966023543,-320.9253084304029,-3706.445063415439,-203.5615702758652,25.255067761378925,50.23527821020856
-393.6458106680684,-318.8643916664077,-3697.5615263347368,-138.14822413298583,-0.7493704175444847,69.75229688565233
-398.5834216437279,-316.2215821973373,-3695.944031235878,-70.85423043570633,-39.919187474566804,98.18766588498579
-403.5210326193873,-313.5787727282669,-3694.326536137019,-3.5602367384268163,-79.08900453158913,126.62303488431927
-346.8559453350854,-314.851947480763,-3710.729046424422,109.01695359928114,-147.57186914586578,184.87892128340692
-288.4465928276268,-321.5769316416762,-3732.509123254821,147.2474304633988,-161.81897988053558,206.33635604077506
-230.03724032016822,-328.30191580258935,-3754.2892000852207,185.47790732751648,-176.06609061520538,227.7937907981432
-150.24513634739054,-341.93507050377207,-3794.6355993575808,204.98098413061925,-161.48769318684083,234.60977384508305
-70.45303237461287,-355.56822520495473,-3834.9819986299412,224.48406093372202,-146.9092957584763,241.42575689202295
106.4677252971205,-393.4428715770038,-3963.809047866912,234.35827350012815,-57.87051495106715,217.07438668139932
188.93986618704548,-413.8562544899297,-4056.911991803577,230.69548817663443,10.458813568311122,184.87965373209994
271.41200707697044,-434.26963740285555,-4150.014935740242,227.0327028531407,78.7881420876894,152.6849207828006
333.5777106727298,-450.9123445167264,-4273.770470597105,219.07789865658813,159.6948790673266,102.83627221324981
395.7434142684891,-467.5550516305973,-4397.526005453968,211.12309446003556,240.6016160469638,52.98762364369903
455.678259040696,-482.42509983729417,-4701.528601775582,186.40625033701085,401.20312221221184,-71.56922107818014
445.55907836788447,-476.3837153694906,-4873.8709963592355,163.96720822500978,469.05044524148445,-139.18183287687827
435.43989769507294,-470.34233090168703,-5046.2133909428885,141.52816611300872,536.8977682707571,-206.79444467557644
382.2223495840334,-448.8828351241925,-5225.379716552652,98.66587386799416,584.3708557614038,-271.9878712931024
329.0048014729939,-427.42333934669807,-5404.546042162416,55.80358162297961,631.8439432520505,-337.18129791062836
140.340304080562,-355.7852739156637,-5740.50871475385,-95.2426853241703,680.6751443346075,-448.2844353152872
11.317196171807048,-309.6823719324142,-5877.096965957919,-213.65127481853202,684.4170850267697,-488.44738059870167
-117.7059117369479,-263.5794699491646,-6013.685217161988,-332.05986431289375,688.1590257189318,-528.6103258821162
-271.61182468745403,-213.6312146192833,-6099.579625276921,-497.61245168464853,677.2314162522532,-549.6746979328597
-425.5177376379601,-163.68295928940202,-6185.474033391854,-663.1650390564033,666.3038067855745,-570.7390699836031
-759.386958170338,-71.33676520061331,-6225.756407554336,-1079.4499431473519,629.966244328486,-571.5943345141288
-926.8541234466315,-36.30109852184687,-6172.199350052209,-1315.97002570182,611.147400349354,-551.7825961479166
-1094.3212887229251,-1.2654318430804214,-6118.642292550084,-1552.4901082562883,592.3285563702221,-531.9708577817045
-1250.4744299232275,16.904174577412427,-5992.334632377155,-1795.0618473068857,576.9290672308649,-493.7709195048536
-1406.6275711235296,35.073780997905274,-5866.026972204227,-2037.6335863574834,561.5295780915077,-455.5709812280027
-1676.0274040752342,31.506562226487308,-5488.101374324171,-2481.4036707564287,539.3035580105253,-347.86449159938314
-1781.6034386835559,9.754574491014775,-5254.341474647388,-2656.5043146418566,530.5701196663408,-281.4639407792211
-1887.1794732918777,-11.997413244457757,-5020.581574970604,-2831.604958527284,521.8366813221563,-215.06338995905904
-1958.878287871915,-50.87741525814262,-4764.849168772243,-2939.690889398639,512.1115396706336,-139.23707992262717
-2030.5771024519524,-89.75741727182748,-4509.116762573881,-3047.7768202699936,502.3863980191109,-63.41076988619529
-2102.8492108546525,-191.94446382568117,-4001.939936655503,-3109.4894599611753,474.709482981582,101.1471109877042
-2104.6848563772965,-249.40105947509258,-3772.0707414307535,-3064.9775717996554,455.4275546874267,187.05618669890322
-2106.52050189994,-306.857655124504,-3542.2015462060044,-3020.4656836381355,436.1456263932714,272.96526241010224
-2077.907883514479,-365.10698892876167,-3351.8439986877183,-2913.9884905480217,412.7478235326271,359.749069353049
-2049.2952651290184,-423.3563227330193,-3161.486451169432,-2807.511297457908,389.3500206719828,446.53287629599566
-1942.9352009100005,-532.8895303724318,-2875.7466087055723,-2514.4924477591453,342.1083790004567,616.3201600261456
-1872.3766856915315,-581.7940084126009,-2780.0482926684786,-2353.640928982092,323.68795612551196,696.5574759082965
-1801.8181704730625,-630.69848645277,-2684.349976631385,-2192.789410205039,305.2675332505672,776.7947917904476
-1721.557073080677,-673.347529017108,-2628.3124428769484,-2041.6364079940493,297.33303726283884,849.7396298535127
-1641.2959756882913,-715.996571581446,-2572.274909122512,-1890.4834057830594,289.3985412751105,922.6844679165778
-1476.0089585586866,-791.1943049644702,-2514.8231891936625,-1642.7928865106549,301.208901426454,1049.4602260402874
-1397.1789267468441,-825.8297395224887,-2499.2769766732617,-1554.3528573416938,321.0154053441868,1101.6915993894377
-1318.3488949350017,-860.4651740805072,-2483.7307641528605,-1465.912828172733,340.82190926191953,1153.9229727385882
-1247.8103888643673,-894.276090024453,-2468.529487070463,-1410.7206620438706,370.81860590235044,1194.3219692956152
-1177.2718827937329,-928.0870059683987,-2453.3282099880657,-1355.528495915008,400.8153025427813,1234.7209658526422
-1057.6358641206023,-997.0121441922223,-2405.4824448028644,-1290.107007524061,467.421244493505,1292.6252020646536
-1008.9022465036825,-1032.5161300875861,-2368.943333810363,-1264.0114490497008,495.546904801455,1311.5341416311599
-960.1686288867627,-1068.02011598295,-2332.404222817862,-1237.9158905753409,523.672565109405,1330.4430811976658
-921.1191105585078,-1103.8206953610802,-2284.670919668177,-1201.891112058639,538.6907827826699,1341.493062604079
-882.0695922302531,-1139.6212747392103,-2236.9376165184913,-1165.8663335419374,553.7090004559346,1352.543044010492
-818.1318925146002,-1208.662502642775,-2130.5265234064045,-1047.9334382046957,547.0930083950464,1364.0677415593607
-790.1495032809074,-1240.0292226313395,-2080.035274514667,-959.5341734661611,524.5127782845083,1367.0342792534652
-762.1671140472147,-1271.3959426199042,-2029.5440256229292,-871.1349087276266,501.9325481739702,1370.00081694757
-735.3085290741515,-1298.0272384699479,-1990.2553666048716,-754.4539121402383,463.91030593857374,1372.1491842977762
-708.4499441010882,-1324.6585343199915,-1950.9667075868142,-637.7729155528501,425.8880637031773,1374.2975516479823
-652.8935567531566,-1366.8008281889986,-1908.423895310317,-363.6574111243133,334.6823086458918,1379.2791972781552
-623.3088970949534,-1382.4484352572838,-1908.9418122483303,-218.35967528162894,291.53729911469304,1382.353036717941
-593.7242374367502,-1398.096042325569,-1909.4597291863438,-73.06193943894458,248.3922895834943,1385.4268761577268
-562.629866880563,-1409.3104947123006,-1931.9693571472988,67.49442326649441,217.39935131733893,1388.5185823334464
-531.5354963243757,-1420.5249470990323,-1954.4789851082537,208.05078597193338,186.40641305118353,1391.6102885091657
-468.74320290243503,-1437.0205352551068,-2037.407562143669,458.64825410755054,162.31413512726056,1395.6759690228405
-438.6721521266071,-1443.7178192113527,-2092.5523038734273,563.007952961671,171.18409591941162,1395.4525224572426
-408.60110135077923,-1450.4151031675985,-2147.697045603186,667.3676518157913,180.05405671156265,1395.229075891645
-381.31909576325427,-1456.416285924533,-2210.3648559136354,750.8109343581413,206.20637753331766,1391.8125214608804
-354.0370901757293,-1462.4174686814672,-2273.0326662240855,834.2542169004912,232.35869835507268,1388.3959670301158
-306.609750392638,-1472.9370698319906,-2402.0180484697116,969.2448148741895,301.9703609119422,1374.364590175657
-286.2306412983768,-1476.4531357940955,-2464.114439755962,1028.639033524349,333.6879953609332,1363.963950229975
-265.8515322041156,-1479.9692017562004,-2526.2108310422127,1088.0332521745088,365.40562980992416,1353.5633102842928
-247.50941044932875,-1480.0304015455843,-2583.668451310111,1147.3308788076852,381.90027144365024,1340.5012343160274
-229.16728869454195,-1480.0916013349681,-2641.126071578009,1206.6285054408618,398.39491307737626,1327.4391583477618
-192.3181450830805,-1469.443707301478,-2746.132996731719,1336.2048648215748,381.68573671185123,1297.9067647401862
-171.34657638444415,-1457.1801930268975,-2794.7960928538832,1407.9437422438386,343.7367610391302,1282.2683776085817
-150.3750076858078,-1444.9166787523172,-2843.459188976048,1479.6826196661027,305.7877853664092,1266.6299904769771
-124.64208478066334,-1425.0658184080148,-2890.0857255398105,1555.3066966768683,239.63573996062817,1250.4876355843467
-98.9091618755189,-1405.2149580637122,-2936.7122621035733,1630.9307736876337,173.48369455484715,1234.345280691716
-35.12801547126778,-1351.4779653676082,-3029.3913937549114,1776.7130357100025,-0.5288552205916796,1200.426469440371
3.0977961601454638,-1319.3721081344092,-3076.589858753228,1838.718304996437,-96.66309322978051,1181.6270012929285
41.32360779155871,-1287.26625090121,-3123.7883237515443,1900.7235742828716,-192.79733123896935,1162.8275331454863
84.70965747694422,-1252.5774664285389,-3172.1465918760778,1944.608019610834,-284.56177922094497,1140.6333957807044
128.09570716232972,-1217.8886819558677,-3220.5048600006116,1988.4924649387963,-376.3262272029206,1118.4392584159225
220.4696689872031,-1149.228940650603,-3318.6008707541123,2031.7317236328984,-526.5932125333649,1063.7844383090546
266.3477350992351,-1117.7999228739511,-3367.3995368478063,2031.310064157327,-576.7640564374119,1029.8339061299878
312.2258012112671,-1086.3709050972993,-3416.1982029415,2030.8884046817552,-626.934900341459,995.8833739509208
354.5348051024054,-1059.3776056509,-3463.726116430894,2013.047298432065,-649.484098233177,954.4775006590378
396.84380899354375,-1032.3843062045005,-3511.254029920288,1995.206192182375,-672.033296124895,913.0716273671546
468.76288007607917,-987.59672914613,-3602.2071415600985,1940.3142978176238,-668.7073311115428,815.5584083285027
496.59107815333516,-968.5754332562296,-3645.2465132122816,1912.1865736992386,-651.2904685959315,760.5668531552308
524.4192762305912,-949.5541373663294,-3688.2858848644646,1884.0588495808536,-633.8736060803203,705.5752979819588
543.6284122977836,-931.623172656608,-3728.84899133551,1862.9165340852587,-612.0473774677861,646.3204493436263
562.8375483649759,-913.6922079468865,-3769.4120978065557,1841.7742185896639,-590.2211488552518,587.0656007052938
585.660805668574,-874.552737803969,-3845.790679295992,1822.329979597012,-560.6792970334387,464.9787387091332
591.1494109307198,-850.8931360949084,-3881.5896519319504,1824.1905996958671,-561.8488369482266,404.65567257442433
596.6380161928657,-827.2335343858479,-3917.3886245679087,1826.051219794722,-563.0183768630144,344.33260643971545
598.6737798409289,-797.9646867683803,-3950.4667832575537,1835.5597363183642,-584.4357048837883,286.79862111446147
600.709543488992,-768.6958391509127,-3983.544941947199,1845.0682528420061,-605.853032904562,229.26463578920752
602.9169627357719,-698.588163279663,-4042.9038382038257,1865.9619857599437,-686.9442397832757,122.29494866283956
605.1540195718574,-658.9794727862218,-4068.3247347480124,1869.9447394105805,-740.5314350877819,73.13347193396868
607.3910764079428,-619.3707822927804,-4093.745631292199,1873.927493061217,-794.1186303922881,23.971995205097784
612.0150383424332,-577.5395109904191,-4114.194006068535,1865.593537601293,-851.304345023981,-21.525896484868504
616.6390002769236,-535.7082396880577,-4134.64238084487,1857.2595821413693,-908.4900596556739,-67.02378817483479
631.2681662550947,-453.2897802808838,-4165.236773845687,1810.8844545047173,-1009.1342513575722,-153.3553288346872
640.7213537525079,-415.33925247568754,-4176.056434451824,1774.4121125414506,-1043.5964303280425,-195.78875239305836
650.1745412499209,-377.38872467049123,-4186.876095057961,1737.939770578184,-1078.0586092985127,-238.2221759514295
660.6433451301946,-344.4650088732184,-4194.864009987217,1693.4502985850545,-1091.174885542911,-281.3492957473471
671.1121490104683,-311.5412930759456,-4202.851924916475,1648.9608265919253,-1104.291161787309,-324.4764155432647
691.4772632146626,-256.6946526655985,-4218.097983967794,1558.9063297134844,-1086.1764268145496,-413.8799072002374
700.289430443944,-233.87272480779563,-4228.226442438596,1520.8854261891747,-1058.8053603904996,-460.2803918465974
709.1015976732255,-211.05079694999282,-4238.354900909399,1482.864522664865,-1031.4342939664498,-506.6808764929574
715.981171517551,-190.85013531988903,-4253.665273134167,1457.257598462557,-993.2606528835893,-554.1423579570885
722.8607453618768,-170.64947368978528,-4268.975645358937,1431.6506742602492,-955.0870118007289,-601.6038394212196
732.9606936396411,-130.53789430146944,-4313.6689039444655,1408.5385130571842,-875.8518476859873,-696.241156574636
736.9053389493386,-108.37833616669457,-4343.594746685027,1408.296114392235,-843.8844910347314,-741.9875877530295
740.849984259036,-86.21877803191968,-4373.520589425588,1408.0537157272859,-811.9171343834754,-787.7340189314231
744.8230474476688,-60.60566242316341,-4410.050036626232,1412.6196199831184,-794.5087991039939,-830.6471719921183
748.7961106363016,-34.992546814407135,-4446.579483826877,1417.1855242389506,-777.1004638245122,-873.5603250528136
759.2404817572422,23.165726686129887,-4528.153378547482,1418.702195064695,-778.2258746142332,-952.223636308782
766.6655493123453,54.30032883292576,-4569.963701395681,1407.1875887823676,-796.2170782864814,-987.9448174017944
774.0906168674484,85.43493097972163,-4611.7740242438795,1395.67298250004,-814.2082819587296,-1023.6659984948066
784.1022235677033,116.087411336257,-4651.189505570681,1365.818769240557,-845.5524853335945,-1056.4828357183278
794.1138302679582,146.73989169279238,-4690.604986897482,1335.964555981074,-876.8966887084595,-1089.2996729418492
818.5657992869195,200.96599023897906,-4758.938803583099,1235.4848972647608,-953.3162424506204,-1151.6498472792282
831.8480838987598,221.72934376177932,-4786.16768972745,1167.387708760255,-990.9888743908912,-1182.6737370307255
845.1303685106002,242.49269728457955,-4813.3965758718,1099.290520255749,-1028.661506331162,-1213.6976267822226
857.6545115208706,255.07486425571793,-4833.456433102661,1019.7742560556082,-1058.9753633768498,-1245.8918319808922
870.1786545311411,267.6570312268563,-4853.516290333522,940.2579918554675,-1089.2892204225377,-1278.086037179562
889.2914741059152,275.77240915960857,-4881.5777033626955,775.6864974535723,-1125.047094412641,-1346.38388750137
893.6166213408474,272.60553048907434,-4891.647893915007,699.223877552559,-1127.781110257418,-1382.4850754666427
897.9417685757795,269.43865181854005,-4901.71808446732,622.7612576515456,-1130.5151261021952,-1418.586263431915
895.0759466937001,261.7475536430277,-4910.152722169448,558.4374070142027,-1117.783507802967,-1455.7787620213553
892.2101248116206,254.05645546751535,-4918.587359871575,494.1135563768597,-1105.0518895037392,-1492.9712606107953
869.4078378852881,236.65874654981454,-4935.9184357739,394.6789070165464,-1051.841956993289,-1566.3457914504331
848.9561211107671,230.49992797014386,-4945.6651261843535,357.6851261177862,-1014.0987228314523,-1600.4831948666904
828.504404336246,224.3411093904732,-4955.4118165948075,320.69134521902595,-976.3554886696157,-1634.6205982829476
799.3987458349022,223.5060799041825,-4965.828355090927,290.87593873029437,-930.5333695369075,-1664.0994927247611
770.2930873335583,222.67105041789182,-4976.244893587046,261.0605322415627,-884.7112504041993,-1693.5783871665749
697.2717002424152,234.45733160955393,-4995.338880354781,200.72321209240081,-782.3744743238564,-1739.6569244311713
655.2655484895618,246.81214351978468,-5001.819093262664,162.87287146845247,-727.9141718016247,-1755.1133921645471
613.2593967367084,259.16695543001543,-5008.299306170546,125.02253084450415,-673.4538692793928,-1770.569859897923
568.0342679135811,276.1404158255812,-5009.5248719040865,74.45915194588697,-617.0501601688115,-1778.1000497177197
522.8091390904539,293.113876221147,-5010.750437637627,23.895773047269802,-560.6464510582304,-1785.6302395375164
430.50631149702673,330.3528010073634,-4999.666277523463,-105.28259088609926,-445.6808311967722,-1785.7137537557724
385.3852298104852,347.1975407342993,-4986.981242423773,-181.12627628431602,-387.8322229338511,-1779.298297884563
340.2641481239437,364.04228046123524,-4974.296207324085,-256.96996168253276,-329.98361467092997,-1772.8828420133539
297.49898806140135,375.9890687399602,-4955.345978256986,-337.9887812509884,-272.6257984977346,-1761.3259236063882
254.733827998859,387.93585701868517,-4936.395749189887,-419.00760081944395,-215.26798232453925,-1749.7690051994227
174.93868044312904,397.6431931144974,-4889.672861949256,-575.9857590129551,-103.814795266407,-1718.8620456486253
137.57725930067545,394.5097749828984,-4864.1326305548455,-644.7161159632617,-51.083811075368054,-1700.3665492325918
100.21583815822187,391.3763568512995,-4838.592399160435,-713.4464729135682,1.6471731156708898,-1681.8710528165584
64.36019674673845,380.70723577809827,-4812.736088062073,-767.5828457602786,50.024818436727074,-1660.5860086546845
28.50455533525503,370.038114704897,-4786.879776963709,-821.7192186069889,98.40246375778325,-1639.3009644928106
-43.03867704220682,336.68050551485334,-4736.171066347183,-898.2960106741332,184.37228436535872,-1590.3370614499945
-80.11165701967792,316.09925148404886,-4710.703814411709,-923.1849689826865,221.52068547897463,-1561.698880136719
-117.18463699714901,295.51799745324433,-4685.236562476235,-948.07392729124,258.66908659259053,-1533.0606988234435
-156.4343544980019,273.1492396939784,-4657.647828991134,-964.7403079963563,290.2745000336828,-1499.0047211116225
-195.6840719988548,250.7804819347125,-4630.059095506032,-981.4066887014724,321.87991347477504,-1464.9487433998017
-278.42038891727964,205.71326388571438,-4564.813353536417,-1010.5404578634611,375.97030585092875,-1383.5515244578569
-320.64238316606156,183.84245816892698,-4524.172374194091,-1028.0118393974167,399.8983501673032,-1335.3810272169987
-362.8643774148435,161.97165245213958,-4483.531394851767,-1045.4832209313724,423.82639448367763,-1287.2105299761406
-403.43257430251026,140.7537752947477,-4432.778375055099,-1068.009514219662,446.19709299838826,-1231.4415298777874
-444.0007711901771,119.53589813735583,-4382.025355258431,-1090.5358075079512,468.5677915130989,-1175.6725297794342
-514.8205055235208,77.12308987364221,-4259.533978323213,-1142.5412498750497,512.8311100229685,-1050.4798745379794
-541.091377856583,55.03021320235767,-4189.566904757432,-1166.986072475744,535.5273024366693,-982.7702975767925
-567.3622501896452,32.93733653107313,-4119.599831191652,-1191.4308950764387,558.22349485037,-915.0607206156054
-580.762096987295,9.225744215995054,-4044.732395647278,-1207.2107100191693,581.6519234169056,-844.7793456581326
-594.1619437849447,-14.485848099083022,-3969.8649601029038,-1222.9905249619,605.0803519834411,-774.4979707006598
-589.8566406009772,-65.5991390481543,-3820.7511757847024,-1223.1196228661336,652.5556205415229,-635.011116132695
-571.2371050031043,-92.56284115064436,-3752.023212829651,-1202.7576872995237,675.7595157056248,-569.1213608544542
-552.6175694052313,-119.52654325313442,-3683.2952498746,-1182.3957517329138,698.9634108697269,-503.2316055762136
-518.84874684828,-146.86168151465617,-3624.9761227786275,-1141.007144861361,720.5887809388803,-444.30747576706415
-485.07992429132884,-174.1968197761779,-3566.6569956826547,-1099.6185379898081,742.2141510080337,-385.3833459579147
-394.5043225121591,-226.87970527894032,-3475.93929421613,-983.2413163434354,780.1722095708498,-286.4923301896894
-343.27270137953394,-250.91979975897377,-3443.4270318959316,-916.6947704294771,795.4913920138316,-248.11775012009912
-292.04108024690885,-274.9598942390072,-3410.9147695757333,-850.1482245155189,810.8105744568135,-209.74317005050884
-241.59554095724025,-295.83762079667065,-3388.4814834652616,-786.0523940774749,821.4725321248408,-182.91051568145815
-191.15000166757162,-316.715347354334,-3366.0481973547894,-721.9565636394309,832.1344897928681,-156.0778613124075
-105.41799783658405,-351.86567121113603,-3331.884459686268,-619.7235252862367,841.9558609768299,-124.09729520812026
-75.79459530280973,-366.7939984400597,-3314.7015959140053,-589.0714122858403,839.8196978203007,-117.19040571146485
-46.17119276903541,-381.7223256689833,-3297.518732141743,-558.4192992854439,837.6835346637715,-110.28351621480944
-33.26451858558526,-395.30416532184756,-3275.5445406658546,-550.5376424742274,827.0009057525554,-109.89952853137295
-20.357844402135104,-408.8860049747119,-3253.5703491899667,-542.6559856630107,816.3182768413391,-109.51554084793646
-29.15808557104362,-436.565434540859,-3194.9241504709053,-564.8881543592771,774.791092927526,-115.8089273412719
-48.405263074837805,-452.1326274333961,-3158.7267016143037,-585.7884858156672,742.7303829887423,-119.49173735171664
-67.652440578632,-467.6998203259333,-3122.529252757702,-606.6888172720571,710.6696730499585,-123.17454736216138
-96.66318495262992,-485.91200223462397,-3083.141953875506,-624.7992575267649,666.891428921243,-124.82242349834287
-125.67392932662784,-504.1241841433147,-3043.7546549933095,-642.9096977814727,623.1131847925275,-126.47029963452437
-189.72025529250507,-546.0070958398868,-2971.145597315802,-647.7656280498389,513.8269472454733,-122.11517409481999
-217.64396967846662,-568.8619319323054,-2945.4825612464165,-624.5557911805201,450.76437136432924,-115.33297025873125
-245.56768406442816,-591.716768024724,-2919.8195251770303,-601.3459543112014,387.70179548318515,-108.55076642264251
-263.31466878544404,-614.9357348187846,-2911.952817663194,-548.1226712501098,320.2753758375512,-97.46086011139427
-281.06165350645995,-638.154701612845,-2904.0861101493574,-494.8993881890181,252.84895619191735,-86.37095380014603
-288.50283761173586,-681.4685546298848,-2934.082845541364,-333.51251692862496,119.86440333380195,-58.092328050341216
-277.3111050968639,-699.7107810350268,-2973.656913636234,-234.47739911195924,60.10786062294443,-42.84555430655074
-266.119372581992,-717.9530074401688,-3013.230981731104,-135.4422812952935,0.35131791208691066,-27.598780562760254
-242.2120944138962,-731.4252740459638,-3075.180259120823,-31.82463172694542,-47.35180625860107,-13.475891277349376
-218.3048162458004,-744.8975406517586,-3137.129536510542,71.79301784140266,-95.05493042928906,0.6469980080615014
-154.567576567676,-761.1568803969501,-3294.1625775467796,257.6298115110713,-158.739857586369,22.48603185531111
-120.99460309120869,-764.2277069245024,-3380.9222850186543,326.540062538705,-173.2415512403259,28.68190561450806
-87.42162961474136,-767.2985334520547,-3467.6819924905285,395.4503135663387,-187.74324489428278,34.87777937370501
-58.55318613237408,-766.2994262912584,-3553.4651677315605,432.0298943446316,-186.1347322669082,35.685326292198745
-29.684742650006804,-765.3003191304621,-3639.2483429725926,468.6094751229245,-184.52621963953365,36.49287321069248
,,,,,
