Tiempo,Contador,Acx,Acy,Acz,Gx,Gy,Gz
56769,11391,-1116,772,-15688,94,-349.0,-154.0
56785,11392,-1084,676,-15744,80,-373.0,-140.0
56801,11393,-1016,684,-15716,111,-360.0,-160.0
56817,11394,-1028,580,-15852,83,-362.0,-149.0
56833,11395,-988,720,-15732,88,-359.0,-158.0
56849,11396,-1060,696,-15684,75,-381.0,-167.0
56865,11397,-1076,640,-15728,104,-385.0,-146.0
56881,11398,-1012,632,-15652,85,-359.0,-145.0
56897,11399,-1052,840,-15720,63,-375.0,-140.0
56913,11400,-1056,752,-15676,64,-362.0,-144.0
56929,11401,-1160,672,-15632,90,-379.0,-124.0
56945,11402,-1008,596,-15808,69,-386.0,-171.0
56961,11403,-1020,732,-15652,50,-376.0,-119.0
56977,11404,-1036,688,-15704,64,-373.0,-153.0
56993,11405,-1068,644,-15880,87,-373.0,-144.0
57009,11406,-1004,716,-15848,46,-355.0,-141.0
57025,11407,-1100,728,-15828,80,-369.0,-167.0
57041,11408,-1084,732,-15628,65,-371.0,-150.0
57057,11409,-920,716,-15676,70,-357.0,-142.0
57073,11410,-1084,744,-15724,90,-363.0,-166.0
57089,11411,-1032,780,-15552,56,-354.0,-136.0
57105,11412,-996,772,-15716,61,-383.0,-137.0
57121,11413,-952,700,-15792,46,-368.0,-133.0
57137,11414,-920,716,-15664,55,-354.0,-131.0
57153,11415,-916,600,-15664,93,-344.0,-154.0
57169,11416,-1056,628,-15712,72,-375.0,-156.0
57185,11417,-952,524,-15696,83,-371.0,-138.0
57201,11418,-928,652,-15624,92,-375.0,-115.0
57217,11419,-1044,696,-15616,91,-381.0,-157.0
57233,11420,-996,640,-15696,56,-361.0,-157.0
57249,11421,-932,588,-15832,66,-373.0,-153.0
57265,11422,-920,648,-15840,89,-384.0,-144.0
57281,11423,-920,748,-15760,51,-352.0,-124.0
57297,11424,-1044,672,-15700,83,-367.0,-154.0
57313,11425,-1036,748,-15792,75,-369.0,-141.0
57329,11426,-916,688,-15816,83,-368.0,-157.0
57345,11427,-940,628,-15796,70,-370.0,-147.0
57361,11428,-932,652,-15716,70,-355.0,-153.0
57377,11429,-992,584,-15664,69,-364.0,-165.0
57393,11430,-1012,652,-15680,56,-387.0,-118.0
57409,11431,-1004,580,-15780,74,-357.0,-137.0
57425,11432,-1020,628,-15788,71,-345.0,-151.0
57441,11433,-1052,640,-15640,87,-372.0,-153.0
57457,11434,-1064,676,-15792,76,-360.0,-158.0
57473,11435,-964,744,-15812,85,-363.0,-150.0
57489,11436,-984,548,-15728,73,-383.0,-137.0
57505,11437,-1052,720,-15704,76,-384.0,-160.0
57521,11438,-968,712,-15668,60,-369.0,-143.0
57537,11439,-1124,640,-15528,84,-345.0,-148.0
57554,11440,-1104,676,-15584,76,-348.0,-144.0
57570,11441,-924,624,-15648,78,-363.0,-146.0
57585,11442,-1044,628,-15892,55,-375.0,-147.0
57601,11443,-968,736,-15780,63,-364.0,-146.0
57617,11444,-1052,700,-15764,81,-368.0,-160.0
57633,11445,-940,652,-15664,72,-360.0,-162.0
57649,11446,-1052,768,-15724,86,-378.0,-150.0
57665,11447,-936,704,-15700,81,-384.0,-170.0
57681,11448,-1100,564,-15672,85,-366.0,-155.0
57697,11449,-1008,588,-15648,71,-346.0,-172.0
57713,11450,-1032,752,-15804,81,-353.0,-130.0
57729,11451,-1152,820,-15652,83,-354.0,-157.0
57745,11452,-1172,716,-15724,85,-353.0,-139.0
57761,11453,-1016,736,-15648,84,-350.0,-182.0
57777,11454,-1048,588,-15688,75,-386.0,-151.0
57793,11455,-1064,660,-15812,80,-360.0,-147.0
57809,11456,-1076,568,-15704,64,-359.0,-147.0
57825,11457,-1128,744,-15668,60,-410.0,-134.0
57841,11458,-988,796,-15784,117,-354.0,-98.0
57857,11459,-960,704,-15668,64,-379.0,-136.0
57873,11460,-1084,684,-15856,-18,-409.0,-131.0
57889,11461,-1028,716,-15640,10,-377.0,-131.0
57905,11462,-988,604,-15876,35,-368.0,-150.0
57921,11463,-940,560,-15712,62,-337.0,-139.0
57937,11464,-1024,756,-15752,65,-356.0,-154.0
57953,11465,-1016,576,-15660,73,-363.0,-155.0
57969,11466,-1072,720,-15640,83,-368.0,-138.0
57985,11467,-1008,756,-15700,64,-398.0,-162.0
58001,11468,-1084,700,-15656,66,-373.0,-129.0
58017,11469,-992,680,-15700,83,-366.0,-154.0
58033,11470,-1060,632,-15740,59,-388.0,-119.0
58049,11471,-944,668,-15768,68,-378.0,-132.0
58065,11472,-948,696,-15812,49,-346.0,-124.0
58081,11473,-976,724,-15676,89,-360.0,-144.0
58097,11474,-1100,724,-15608,119,-365.0,-115.0
58113,11475,-1016,644,-15820,68,-373.0,-173.0
58129,11476,-972,768,-15548,157,-439.0,-115.0
58145,11477,-1108,716,-15492,17,-337.0,-127.0
58161,11478,-1044,604,-15716,156,-346.0,-119.0
58177,11479,-1612,76,-13860,921,-1302.0,-153.0
58193,11480,-1380,1112,-16072,-388,-465.0,-89.0
58209,11481,-944,284,-15064,370,-432.0,-184.0
58225,11482,-1112,908,-16160,-139,-371.0,-123.0
58241,11483,-948,464,-15192,162,-436.0,-132.0
58257,11484,-1172,688,-15724,96,-341.0,-154.0
58273,11485,-964,616,-15760,12,-336.0,-135.0
58289,11486,-1104,572,-15528,146,-424.0,-169.0
58305,11487,-1016,848,-15880,29,-349.0,-134.0
58321,11488,-1036,696,-15528,150,-377.0,-152.0
58337,11489,-996,572,-15792,29,-368.0,-163.0
58353,11490,-900,592,-15648,54,-379.0,-158.0
58369,11491,-1044,624,-15616,42,-398.0,-158.0
58385,11492,-920,556,-15660,43,-390.0,-152.0
58401,11493,-996,596,-15672,63,-360.0,-156.0
58418,11494,-1000,636,-15688,67,-406.0,-164.0
58433,11495,-936,660,-15600,82,-386.0,-139.0
58449,11496,-932,700,-15820,46,-324.0,-180.0
58465,11497,-952,712,-15768,64,-375.0,-152.0
58481,11498,-1048,612,-15652,129,-419.0,-132.0
58497,11499,-1060,704,-15748,17,-368.0,-169.0
58513,11500,-956,600,-15788,56,-373.0,-149.0
58529,11501,-1024,708,-15812,67,-394.0,-165.0
58545,11502,-1140,704,-15748,53,-380.0,-152.0
58561,11503,-1100,608,-15744,54,-363.0,-169.0
58577,11504,-1012,572,-15624,85,-383.0,-172.0
58593,11505,-1016,676,-15696,74,-374.0,-141.0
58609,11506,-1020,572,-15676,80,-355.0,-142.0
58625,11507,-928,660,-15624,81,-379.0,-173.0
58641,11508,-1036,764,-15720,87,-374.0,-149.0
58657,11509,-920,644,-15660,72,-374.0,-148.0
58673,11510,-1028,564,-15792,76,-381.0,-121.0
58689,11511,-1080,716,-15728,119,-364.0,-149.0
58705,11512,-1076,656,-15656,107,-364.0,-139.0
58721,11513,-944,620,-15744,74,-385.0,-132.0
58737,11514,-1108,652,-15700,126,-358.0,-122.0
58754,11515,-972,656,-15720,70,-361.0,-134.0
58769,11516,-884,544,-15732,82,-346.0,-162.0
58785,11517,-1060,648,-15628,75,-377.0,-141.0
58801,11518,-1080,628,-15788,84,-357.0,-135.0
58817,11519,-1036,792,-15696,119,-378.0,-174.0
58833,11520,-1004,672,-15744,56,-377.0,-173.0
58850,11521,-1024,700,-15664,75,-353.0,-168.0
58865,11522,-972,676,-15784,51,-370.0,-147.0
58881,11523,-1080,760,-15592,70,-346.0,-146.0
58898,11524,-1100,664,-15756,29,-369.0,-159.0
58913,11525,-1068,676,-15716,40,-364.0,-155.0
58929,11526,-952,828,-15740,35,-375.0,-192.0
58945,11527,-1056,636,-15784,56,-372.0,-176.0
58961,11528,-972,576,-15732,49,-389.0,-154.0
58977,11529,-948,700,-15708,19,-373.0,-190.0
58993,11530,-920,716,-15828,26,-387.0,-179.0
59009,11531,-996,624,-15696,83,-355.0,-159.0
59025,11532,-1000,720,-15772,53,-350.0,-167.0
59041,11533,-928,684,-15808,73,-380.0,-173.0
59057,11534,-988,732,-15724,52,-357.0,-174.0
59073,11535,-988,692,-15640,60,-364.0,-144.0
59089,11536,-1128,652,-15720,107,-388.0,-144.0
59105,11537,-940,652,-15840,73,-368.0,-145.0
59121,11538,-1100,684,-15708,91,-361.0,-148.0
59137,11539,-944,748,-15668,62,-382.0,-147.0
59153,11540,-980,540,-15624,73,-397.0,-177.0
59169,11541,-912,636,-15772,74,-366.0,-171.0
59185,11542,-1040,704,-15560,77,-379.0,-186.0
59201,11543,-1068,616,-15664,67,-348.0,-168.0
59217,11544,-1060,684,-15620,78,-385.0,-171.0
59233,11545,-1068,624,-15648,80,-364.0,-124.0
59250,11546,-1028,740,-15740,75,-368.0,-154.0
59265,11547,-1056,668,-15804,89,-377.0,-141.0
59281,11548,-1128,620,-15772,50,-359.0,-130.0
59297,11549,-1060,624,-15700,78,-358.0,-155.0
59313,11550,-1080,660,-15696,63,-384.0,-148.0
59329,11551,-956,668,-15648,60,-353.0,-139.0
59345,11552,-1024,604,-15708,72,-376.0,-149.0
59361,11553,-956,648,-15756,51,-365.0,-158.0
59377,11554,-908,720,-15700,79,-378.0,-152.0
59393,11555,-1100,720,-15816,49,-365.0,-153.0
59409,11556,-1028,536,-15608,84,-374.0,-135.0
59425,11557,-936,636,-15708,68,-361.0,-137.0
59441,11558,-1076,652,-15824,88,-358.0,-157.0
59457,11559,-1036,704,-15688,62,-350.0,-141.0
59473,11560,-1052,712,-15656,74,-372.0,-110.0
59489,11561,-1048,660,-15792,80,-391.0,-151.0
59505,11562,-1060,660,-15652,89,-355.0,-155.0
59521,11563,-988,764,-15692,80,-354.0,-148.0
59537,11564,-1012,664,-15744,53,-372.0,-179.0
59553,11565,-1052,768,-15668,72,-370.0,-152.0
59569,11566,-988,744,-15196,107,-475.0,-176.0
59585,11567,-1112,792,-15972,130,-398.0,-142.0
59601,11568,-1044,776,-15728,125,-315.0,-166.0
59617,11569,-1132,812,-15692,33,-394.0,-144.0
59633,11570,-988,680,-15640,47,-355.0,-159.0
59649,11571,-1056,640,-15708,88,-355.0,-149.0
59665,11572,-896,640,-15840,99,-379.0,-140.0
59681,11573,-964,576,-15568,93,-382.0,-142.0
59697,11574,-988,652,-15608,95,-346.0,-152.0
59713,11575,-912,796,-15796,75,-367.0,-139.0
59729,11576,-1024,628,-15452,184,-387.0,-156.0
59745,11577,-1020,688,-15752,52,-376.0,-127.0
59761,11578,-984,592,-15768,81,-381.0,-128.0
59777,11579,-1048,628,-15856,63,-346.0,-133.0
59793,11580,-1028,656,-15648,92,-383.0,-173.0
59809,11581,-1064,680,-15720,78,-392.0,-149.0
59825,11582,-1032,704,-15696,48,-371.0,-146.0
59841,11583,-1048,616,-15732,30,-385.0,-167.0
59857,11584,-1084,720,-15812,29,-388.0,-176.0
59873,11585,-968,664,-15524,73,-370.0,-168.0
59890,11586,-1024,716,-15808,43,-367.0,-166.0
59905,11587,-1020,732,-15760,6,-382.0,-175.0
59921,11588,-952,612,-15688,79,-367.0,-165.0
59937,11589,-988,672,-15808,73,-375.0,-157.0
59954,11590,-1116,668,-15776,70,-352.0,-151.0
59969,11591,-1044,676,-15620,102,-380.0,-145.0
59985,11592,-1064,604,-15640,45,-376.0,-135.0
60001,11593,-1044,684,-15664,87,-397.0,-152.0
60017,11594,-992,660,-15596,58,-367.0,-163.0
60033,11595,-1056,648,-15668,70,-367.0,-143.0
60049,11596,-1052,672,-15768,67,-379.0,-140.0
60065,11597,-984,656,-15716,58,-381.0,-143.0
60081,11598,-1156,644,-15668,82,-372.0,-143.0
60097,11599,-908,620,-15700,87,-394.0,-156.0
60113,11600,-964,756,-15728,93,-353.0,-143.0
60129,11601,-1044,764,-15852,95,-368.0,-153.0
60145,11602,-1076,748,-15696,85,-379.0,-147.0
60161,11603,-872,604,-15756,79,-365.0,-138.0
60177,11604,-988,612,-15604,105,-356.0,-123.0
60193,11605,-1036,744,-15824,67,-382.0,-125.0
60209,11606,-980,516,-15536,112,-344.0,-159.0
60225,11607,-1016,640,-15724,65,-383.0,-150.0
60241,11608,-940,640,-15828,85,-367.0,-167.0
60257,11609,-1032,664,-15724,83,-369.0,-133.0
60273,11610,-1060,640,-15684,100,-371.0,-155.0
60289,11611,-924,692,-15636,85,-357.0,-134.0
60306,11612,-1012,736,-15648,98,-368.0,-148.0
60321,11613,-1024,620,-15648,75,-368.0,-146.0
60337,11614,-964,660,-15828,85,-361.0,-159.0
60354,11615,-1136,664,-15680,79,-380.0,-158.0
60369,11616,-1012,572,-15836,69,-381.0,-177.0
60385,11617,-1124,684,-15808,78,-377.0,-172.0
60401,11618,-1012,748,-15744,71,-367.0,-163.0
60417,11619,-1004,628,-15776,67,-376.0,-152.0
60433,11620,-1096,596,-15732,58,-375.0,-152.0
60450,11621,-940,640,-15596,85,-364.0,-162.0
60465,11622,-1012,764,-15700,72,-377.0,-149.0
60481,11623,-1084,660,-15788,69,-373.0,-153.0
60497,11624,-1128,624,-15648,86,-362.0,-170.0
60513,11625,-1084,620,-15792,95,-382.0,-149.0
60529,11626,-968,716,-15816,69,-387.0,-146.0
60546,11627,-1028,624,-15780,69,-367.0,-149.0
60561,11628,-1092,628,-15760,106,-386.0,-170.0
60577,11629,-1124,692,-15728,60,-380.0,-142.0
60593,11630,-1144,668,-15684,81,-362.0,-175.0
60609,11631,-1036,676,-15696,71,-358.0,-138.0
60625,11632,-1036,732,-15748,93,-378.0,-142.0
60641,11633,-1100,780,-15716,96,-368.0,-156.0
60657,11634,-968,548,-15744,63,-337.0,-120.0
60673,11635,-1060,700,-15652,60,-344.0,-158.0
60689,11636,-1028,576,-15604,62,-365.0,-144.0
60705,11637,-1060,636,-15692,82,-373.0,-165.0
60721,11638,-992,608,-15776,71,-365.0,-158.0
60737,11639,-1100,700,-15696,79,-362.0,-155.0
60753,11640,-1012,580,-15868,57,-357.0,-148.0
60769,11641,-1032,688,-15784,88,-353.0,-153.0
60785,11642,-988,624,-15668,65,-369.0,-132.0
60801,11643,-968,576,-15584,60,-369.0,-151.0
60817,11644,-1072,468,-15600,139,-381.0,-149.0
60833,11645,-1020,624,-15712,90,-390.0,-145.0
60849,11646,-1048,648,-15788,89,-369.0,-151.0
60865,11647,-1176,624,-15664,70,-392.0,-108.0
60881,11648,-1100,580,-15688,55,-388.0,-148.0
60897,11649,-884,640,-15840,77,-334.0,-130.0
60913,11650,-1020,712,-15704,74,-365.0,-148.0
60929,11651,-1044,632,-15800,70,-378.0,-148.0
60945,11652,-1008,668,-15692,50,-355.0,-132.0
60961,11653,-996,708,-15752,57,-365.0,-156.0
60977,11654,-1096,512,-15740,93,-377.0,-147.0
60993,11655,-1088,660,-15772,67,-374.0,-137.0
61009,11656,-1172,644,-15848,79,-380.0,-136.0
61025,11657,-944,544,-15604,76,-368.0,-131.0
61041,11658,-1016,724,-15800,58,-378.0,-148.0
61057,11659,-976,600,-15688,96,-355.0,-171.0
61073,11660,-1112,732,-15648,50,-374.0,-131.0
61089,11661,-964,664,-15744,84,-360.0,-155.0
61105,11662,-1088,696,-15724,55,-373.0,-149.0
61121,11663,-1068,716,-15724,79,-355.0,-169.0
61137,11664,-1028,720,-15764,83,-375.0,-155.0
61153,11665,-1076,592,-15552,72,-371.0,-125.0
61169,11666,-992,636,-15700,65,-366.0,-153.0
61185,11667,-1048,680,-15652,72,-381.0,-150.0
61201,11668,-988,564,-15620,77,-375.0,-155.0
61217,11669,-980,624,-15708,69,-388.0,-147.0
61233,11670,-916,676,-15772,86,-350.0,-150.0
61249,11671,-976,656,-15708,80,-389.0,-150.0
61265,11672,-1088,728,-15588,101,-369.0,-155.0
61281,11673,-932,680,-15792,71,-358.0,-144.0
61297,11674,-992,668,-15724,83,-352.0,-143.0
61313,11675,-1064,628,-15664,62,-369.0,-140.0
61329,11676,-928,772,-15728,89,-343.0,-138.0
61345,11677,-940,836,-15672,88,-369.0,-149.0
61361,11678,-1036,676,-15704,86,-368.0,-165.0
61377,11679,-980,436,-15652,50,-376.0,-136.0
61393,11680,-1032,608,-15624,77,-375.0,-134.0
61409,11681,-1124,780,-15800,114,-381.0,-141.0
61426,11682,-868,692,-15604,68,-358.0,-155.0
61441,11683,-1020,664,-15648,103,-368.0,-150.0
61457,11684,-976,544,-15688,84,-353.0,-122.0
61473,11685,-1068,684,-15752,80,-355.0,-151.0
61489,11686,-1020,608,-15744,68,-354.0,-157.0
61505,11687,-1016,508,-15712,80,-372.0,-152.0
61521,11688,-1088,720,-15676,64,-368.0,-168.0
61537,11689,-1036,780,-15616,74,-386.0,-137.0
61554,11690,-1012,768,-15808,63,-363.0,-154.0
Order,False,Max_Delay,17,Out_Range,0,,
7602,12414,-956,636,-15712,89,-377.0,-140.0
7618,12415,-1020,776,-15520,76,-372.0,-163.0
7634,12416,-972,604,-15768,70,-377.0,-141.0
7650,12417,-984,620,-15628,81,-379.0,-144.0
7666,12418,-1100,688,-15764,56,-374.0,-140.0
7682,12419,-1024,684,-15668,93,-375.0,-139.0
7698,12420,-1120,688,-15628,57,-349.0,-141.0
7715,12421,-992,676,-15660,71,-377.0,-145.0
7730,12422,-1020,628,-15680,46,-376.0,-159.0
7746,12423,-1044,588,-15704,85,-358.0,-166.0
7762,12424,-1004,592,-15564,48,-377.0,-152.0
7778,12425,-964,728,-15700,91,-364.0,-157.0
7794,12426,-1060,668,-15736,70,-381.0,-153.0
7810,12427,-960,832,-15712,88,-369.0,-168.0
7826,12428,-1012,628,-15744,56,-353.0,-159.0
7842,12429,-1080,684,-15840,77,-376.0,-140.0
7858,12430,-972,800,-15792,88,-372.0,-151.0
7874,12431,-1000,584,-15796,55,-371.0,-138.0
7890,12432,-1156,612,-15680,113,-372.0,-149.0
7906,12433,-1048,696,-15752,73,-377.0,-157.0
7922,12434,-1048,640,-15636,65,-368.0,-130.0
7938,12435,-1096,700,-15748,60,-377.0,-138.0
7954,12436,-1004,652,-15648,77,-374.0,-139.0
7970,12437,-1032,688,-15812,49,-374.0,-128.0
7986,12438,-1028,612,-15636,82,-378.0,-147.0
8002,12439,-976,752,-15712,90,-369.0,-162.0
8018,12440,-1088,712,-15764,62,-380.0,-146.0
8034,12441,-1040,628,-15500,89,-365.0,-146.0
8050,12442,-1072,724,-15684,50,-391.0,-147.0
8066,12443,-1080,700,-15820,94,-348.0,-146.0
8082,12444,-956,548,-15680,41,-351.0,-152.0
8098,12445,-1020,676,-15576,54,-366.0,-155.0
8114,12446,-1004,792,-15748,82,-379.0,-139.0
8130,12447,-1012,732,-15636,43,-359.0,-159.0
8146,12448,-1052,712,-15780,96,-380.0,-136.0
8163,12449,-948,784,-15716,91,-373.0,-156.0
8178,12450,-1036,648,-15628,63,-371.0,-156.0
8194,12451,-1064,764,-15648,63,-366.0,-134.0
8210,12452,-944,672,-15724,72,-379.0,-154.0
8226,12453,-1108,556,-15796,85,-353.0,-136.0
8243,12454,-1048,720,-15716,51,-390.0,-131.0
8258,12455,-1012,600,-15692,55,-363.0,-162.0
8274,12456,-976,620,-15612,84,-361.0,-166.0
8290,12457,-1092,752,-15600,61,-377.0,-168.0
8306,12458,-1032,708,-15764,68,-395.0,-154.0
8322,12459,-1084,688,-15576,69,-372.0,-119.0
8338,12460,-1000,680,-15648,99,-375.0,-149.0
8354,12461,-976,612,-15720,53,-385.0,-155.0
8370,12462,-1116,788,-15788,38,-376.0,-178.0
8386,12463,-988,692,-15792,69,-374.0,-150.0
8402,12464,-1032,672,-15860,79,-350.0,-127.0
8418,12465,-1088,684,-15608,93,-381.0,-145.0
8434,12466,-1096,692,-15704,82,-362.0,-120.0
8450,12467,-1020,688,-15648,88,-372.0,-136.0
8466,12468,-1068,580,-15676,74,-372.0,-158.0
8482,12469,-1056,680,-15676,54,-382.0,-152.0
8498,12470,-1088,668,-15564,86,-400.0,-153.0
8514,12471,-984,664,-15744,84,-367.0,-144.0
8530,12472,-1036,628,-15640,99,-387.0,-149.0
8546,12473,-1008,696,-15752,74,-364.0,-163.0
8562,12474,-1096,640,-15596,84,-352.0,-149.0
8578,12475,-1076,696,-15704,64,-379.0,-160.0
8594,12476,-936,692,-15748,87,-376.0,-156.0
8610,12477,-940,536,-15796,45,-389.0,-112.0
8626,12478,-992,776,-15712,87,-372.0,-139.0
8642,12479,-1088,624,-15712,72,-376.0,-142.0
8658,12480,-1024,752,-15724,50,-359.0,-176.0
8674,12481,-1024,644,-15724,71,-361.0,-151.0
8690,12482,-1076,548,-15696,65,-389.0,-124.0
8706,12483,-1036,640,-15692,85,-372.0,-157.0
8722,12484,-1116,720,-15796,87,-385.0,-169.0
8738,12485,-1028,668,-15780,126,-364.0,-149.0
8754,12486,-1060,648,-15568,74,-373.0,-148.0
8770,12487,-1092,712,-15796,71,-365.0,-154.0
8786,12488,-1020,664,-15788,80,-358.0,-157.0
8802,12489,-1036,696,-15696,56,-360.0,-145.0
8818,12490,-1004,636,-15676,63,-365.0,-145.0
8835,12491,-1008,732,-15724,98,-362.0,-155.0
8850,12492,-1068,664,-15744,87,-378.0,-157.0
8866,12493,-972,588,-15688,69,-364.0,-162.0
8882,12494,-968,768,-15624,88,-374.0,-123.0
8898,12495,-1004,604,-15664,84,-383.0,-157.0
8914,12496,-1036,680,-15756,84,-386.0,-153.0
8930,12497,-1100,720,-15792,63,-380.0,-157.0
8946,12498,-1072,680,-15688,65,-370.0,-130.0
8962,12499,-948,572,-15712,72,-384.0,-139.0
8978,12500,-912,752,-15648,76,-371.0,-159.0
8994,12501,-892,672,-15624,73,-363.0,-138.0
9010,12502,-996,760,-15744,53,-391.0,-155.0
9026,12503,-956,704,-15800,67,-365.0,-143.0
9042,12504,-984,632,-15772,71,-368.0,-150.0
9058,12505,-1052,664,-15660,70,-395.0,-148.0
9074,12506,-1136,672,-15668,68,-358.0,-150.0
9090,12507,-968,716,-15688,101,-375.0,-149.0
9106,12508,-1012,684,-15724,71,-370.0,-149.0
9122,12509,-1016,636,-15612,75,-368.0,-140.0
9138,12510,-924,696,-15616,80,-384.0,-157.0
9154,12511,-1012,616,-15660,72,-378.0,-143.0
9170,12512,-1008,696,-15752,52,-372.0,-164.0
9186,12513,-944,672,-15772,65,-360.0,-146.0
9202,12514,-1064,740,-15712,54,-386.0,-142.0
9218,12515,-960,636,-15672,79,-339.0,-165.0
9234,12516,-1016,568,-15696,59,-357.0,-153.0
9250,12517,-1024,652,-15672,80,-359.0,-148.0
9267,12518,-1040,648,-15724,100,-384.0,-145.0
9282,12519,-1108,636,-15744,50,-380.0,-146.0
9298,12520,-1052,628,-15628,82,-373.0,-161.0
9314,12521,-1112,728,-15632,54,-370.0,-148.0
9330,12522,-996,624,-15760,73,-367.0,-145.0
9346,12523,-964,724,-15592,52,-384.0,-165.0
9362,12524,-1032,616,-15756,80,-394.0,-159.0
9378,12525,-1044,660,-15704,69,-373.0,-149.0
9394,12526,-1072,808,-15840,67,-369.0,-151.0
9410,12527,-1024,676,-15820,82,-346.0,-158.0
9426,12528,-996,684,-15636,68,-378.0,-151.0
9442,12529,-972,696,-15732,88,-375.0,-161.0
9458,12530,-1128,652,-15740,84,-372.0,-146.0
9474,12531,-1016,640,-15776,87,-379.0,-138.0
9491,12532,-972,684,-15804,71,-383.0,-153.0
9506,12533,-1012,652,-15732,81,-360.0,-150.0
9522,12534,-936,560,-15580,87,-340.0,-156.0
9539,12535,-1096,648,-15628,58,-355.0,-153.0
9554,12536,-1104,640,-15748,90,-346.0,-149.0
9570,12537,-1052,684,-15580,61,-382.0,-140.0
9586,12538,-980,684,-15684,92,-375.0,-152.0
9602,12539,-936,520,-15656,71,-364.0,-156.0
9618,12540,-1016,696,-15808,87,-378.0,-129.0
9634,12541,-972,740,-15756,80,-345.0,-149.0
9650,12542,-1060,656,-15736,79,-386.0,-157.0
9666,12543,-1032,700,-15700,94,-372.0,-160.0
9682,12544,-1036,700,-15792,67,-383.0,-155.0
9698,12545,-976,696,-15728,88,-360.0,-140.0
9714,12546,-1024,728,-15716,86,-380.0,-169.0
9731,12547,-844,640,-15756,63,-355.0,-154.0
9746,12548,-1016,684,-15684,82,-368.0,-159.0
9762,12549,-1016,640,-15752,71,-374.0,-141.0
9778,12550,-1072,692,-15652,85,-344.0,-162.0
9795,12551,-1056,740,-15612,83,-380.0,-118.0
9810,12552,-932,636,-15552,73,-384.0,-150.0
9826,12553,-996,648,-15796,83,-377.0,-136.0
9843,12554,-900,672,-15668,64,-377.0,-178.0
9858,12555,-1000,596,-15668,78,-367.0,-143.0
9874,12556,-1024,696,-15760,89,-363.0,-163.0
9890,12557,-1040,724,-15740,81,-366.0,-130.0
9906,12558,-1044,676,-15664,62,-372.0,-130.0
9922,12559,-948,544,-15688,68,-366.0,-154.0
9938,12560,-1040,644,-15752,114,-378.0,-138.0
9954,12561,-932,668,-15744,72,-367.0,-110.0
9970,12562,-1048,536,-15732,92,-362.0,-144.0
9986,12563,-1096,664,-15700,68,-375.0,-137.0
10002,12564,-996,576,-15612,82,-367.0,-124.0
10018,12565,-1008,612,-15816,43,-385.0,-170.0
10034,12566,-984,612,-15652,83,-372.0,-154.0
10050,12567,-1036,696,-15760,61,-382.0,-149.0
10066,12568,-1008,660,-15688,69,-386.0,-135.0
10082,12569,-1076,656,-15620,84,-349.0,-172.0
10098,12570,-932,620,-15680,64,-366.0,-157.0
10114,12571,-1116,688,-15636,71,-363.0,-127.0
10130,12572,-1044,720,-15672,67,-395.0,-145.0
10146,12573,-1012,756,-15668,88,-363.0,-108.0
10162,12574,-1164,700,-15744,66,-361.0,-141.0
10178,12575,-956,500,-15720,74,-366.0,-153.0
10194,12576,-996,640,-15592,86,-355.0,-156.0
10210,12577,-984,680,-15712,81,-358.0,-144.0
10226,12578,-996,612,-15672,82,-354.0,-166.0
10242,12579,-1032,644,-15848,69,-390.0,-141.0
10258,12580,-1004,584,-15492,78,-366.0,-147.0
10274,12581,-1092,656,-15588,67,-373.0,-165.0
10290,12582,-988,752,-15600,97,-370.0,-158.0
10306,12583,-1020,852,-15732,54,-376.0,-121.0
10322,12584,-1016,624,-15752,62,-368.0,-158.0
10338,12585,-948,696,-15756,74,-372.0,-144.0
10355,12586,-1036,684,-15644,57,-375.0,-150.0
10370,12587,-1004,604,-15576,70,-352.0,-152.0
10386,12588,-1000,596,-15788,89,-378.0,-142.0
10402,12589,-1044,588,-15608,83,-368.0,-122.0
10418,12590,-996,696,-15752,79,-373.0,-146.0
10434,12591,-1096,668,-15796,89,-384.0,-139.0
10450,12592,-932,496,-15796,69,-369.0,-175.0
10466,12593,-976,748,-15696,74,-376.0,-176.0
10482,12594,-956,640,-15752,90,-373.0,-140.0
10498,12595,-1072,764,-15796,78,-374.0,-172.0
10514,12596,-1028,684,-15744,69,-369.0,-149.0
10530,12597,-1056,740,-15728,81,-391.0,-152.0
10546,12598,-932,740,-15772,63,-356.0,-151.0
10562,12599,-992,576,-15664,81,-368.0,-130.0
10578,12600,-956,684,-15868,67,-379.0,-158.0
10594,12601,-940,580,-15832,91,-369.0,-158.0
10610,12602,-1004,716,-15748,74,-385.0,-156.0
10626,12603,-1020,552,-15740,78,-358.0,-155.0
10642,12604,-1064,672,-15724,82,-377.0,-173.0
10658,12605,-1056,816,-15572,71,-370.0,-141.0
10674,12606,-1012,756,-15664,90,-355.0,-155.0
10690,12607,-1072,572,-15784,57,-369.0,-149.0
10706,12608,-1004,636,-15684,77,-379.0,-160.0
10722,12609,-992,664,-15696,82,-390.0,-159.0
10738,12610,-976,616,-15644,73,-358.0,-162.0
10754,12611,-924,672,-15652,64,-364.0,-167.0
10770,12612,-1044,660,-15636,75,-360.0,-171.0
10786,12613,-880,676,-15608,52,-361.0,-130.0
10802,12614,-1044,628,-15744,70,-366.0,-142.0
10818,12615,-1084,664,-15768,102,-388.0,-167.0
10834,12616,-996,744,-15608,79,-363.0,-155.0
10850,12617,-932,768,-15780,71,-375.0,-153.0
10866,12618,-924,548,-15640,76,-378.0,-146.0
10882,12619,-968,676,-15740,91,-360.0,-173.0
10898,12620,-1040,648,-15820,61,-367.0,-146.0
10914,12621,-1056,592,-15836,63,-375.0,-140.0
10930,12622,-1080,672,-15676,84,-359.0,-149.0
10946,12623,-1116,716,-15692,106,-368.0,-145.0
10962,12624,-1052,656,-15724,68,-359.0,-170.0
10978,12625,-1000,580,-15800,58,-357.0,-152.0
10994,12626,-992,740,-15692,83,-367.0,-133.0
11010,12627,-1052,688,-15804,51,-378.0,-130.0
11026,12628,-1084,776,-15640,84,-375.0,-146.0
11042,12629,-952,600,-15628,89,-356.0,-168.0
11058,12630,-1076,752,-15528,87,-391.0,-147.0
11074,12631,-1132,828,-15680,82,-381.0,-162.0
11090,12632,-944,592,-15752,83,-386.0,-151.0
11106,12633,-960,744,-15656,68,-362.0,-145.0
11122,12634,-1012,572,-15660,69,-386.0,-163.0
11139,12635,-900,716,-15684,66,-333.0,-167.0
11154,12636,-920,612,-15652,58,-357.0,-136.0
11170,12637,-1016,632,-15760,64,-383.0,-156.0
11186,12638,-1012,708,-15760,73,-355.0,-125.0
11202,12639,-1012,640,-15724,81,-373.0,-149.0
11218,12640,-1064,744,-15712,91,-346.0,-136.0
11234,12641,-988,584,-15732,74,-377.0,-167.0
11250,12642,-1028,676,-15664,75,-364.0,-153.0
11266,12643,-1076,704,-15664,91,-354.0,-153.0
11282,12644,-1032,688,-15712,53,-382.0,-149.0
11298,12645,-976,548,-15560,89,-349.0,-120.0
11314,12646,-1052,676,-15768,71,-388.0,-166.0
11330,12647,-1028,644,-15704,74,-358.0,-156.0
11346,12648,-960,640,-15656,91,-384.0,-159.0
11362,12649,-1124,768,-15688,58,-360.0,-134.0
11378,12650,-936,824,-15768,27,-371.0,-159.0
11394,12651,-924,804,-15896,43,-386.0,-150.0
11410,12652,-944,692,-15632,82,-369.0,-134.0
11426,12653,-1020,668,-15712,67,-366.0,-134.0
11442,12654,-1092,624,-15652,77,-382.0,-164.0
11458,12655,-988,620,-15740,43,-359.0,-165.0
11474,12656,-984,688,-15648,81,-395.0,-142.0
11490,12657,-1056,704,-15648,63,-369.0,-137.0
11506,12658,-984,684,-15736,56,-368.0,-131.0
11522,12659,-972,756,-15644,95,-390.0,-145.0
11538,12660,-1112,652,-15672,83,-387.0,-155.0
11554,12661,-1104,688,-15716,96,-370.0,-142.0
11570,12662,-1092,620,-15668,20,-370.0,-148.0
11586,12663,-928,484,-15764,71,-354.0,-158.0
11602,12664,-984,624,-15848,68,-370.0,-161.0
11618,12665,-1000,744,-15676,59,-388.0,-144.0
11634,12666,-1060,664,-15768,66,-355.0,-155.0
11650,12667,-996,652,-15648,26,-368.0,-163.0
11666,12668,-912,700,-15660,83,-354.0,-136.0
11682,12669,-984,576,-15656,81,-389.0,-156.0
11698,12670,-1004,644,-15812,86,-364.0,-150.0
11714,12671,-1104,576,-15636,66,-410.0,-154.0
11730,12672,-1044,656,-15744,82,-388.0,-115.0
11746,12673,-956,744,-15700,69,-375.0,-179.0
11762,12674,-1024,616,-15668,43,-394.0,-165.0
11778,12675,-1024,592,-15832,91,-322.0,-151.0
11794,12676,-928,600,-15824,72,-403.0,-156.0
11810,12677,-1044,640,-15732,69,-359.0,-170.0
11826,12678,-1020,572,-15748,85,-370.0,-141.0
11842,12679,-1004,616,-15680,96,-404.0,-147.0
11858,12680,-1024,676,-15704,85,-358.0,-141.0
11874,12681,-1092,636,-15680,78,-365.0,-153.0
11890,12682,-1048,620,-15948,72,-377.0,-150.0
11906,12683,-1092,632,-15700,91,-367.0,-148.0
11922,12684,-1012,616,-15772,47,-363.0,-134.0
11939,12685,-1040,748,-15620,73,-387.0,-128.0
11954,12686,-1004,620,-15760,65,-382.0,-138.0
11970,12687,-1092,656,-15656,88,-376.0,-146.0
11986,12688,-1004,688,-15716,44,-363.0,-145.0
12002,12689,-1008,624,-15600,104,-364.0,-167.0
12018,12690,-848,676,-15808,74,-380.0,-128.0
12034,12691,-1072,676,-15840,84,-366.0,-163.0
12050,12692,-1052,680,-15644,68,-367.0,-137.0
12066,12693,-1124,692,-15752,89,-380.0,-141.0
12082,12694,-976,556,-15668,77,-369.0,-148.0
12098,12695,-952,640,-15804,71,-375.0,-143.0
12114,12696,-948,732,-15664,94,-358.0,-146.0
12130,12697,-936,848,-15700,78,-388.0,-140.0
12146,12698,-1064,632,-15736,58,-366.0,-141.0
12162,12699,-968,660,-15592,71,-358.0,-158.0
12178,12700,-1072,580,-15820,85,-347.0,-168.0
12194,12701,-1044,584,-15644,80,-368.0,-132.0
12210,12702,-936,724,-15848,70,-397.0,-131.0
12226,12703,-924,660,-15696,87,-389.0,-140.0
12242,12704,-1052,676,-15716,82,-384.0,-155.0
12258,12705,-1060,632,-15592,76,-361.0,-149.0
12274,12706,-1056,680,-15732,81,-383.0,-154.0
12291,12707,-1104,716,-15772,58,-359.0,-116.0
12306,12708,-1052,748,-15704,77,-366.0,-152.0
12322,12709,-1116,600,-15740,53,-366.0,-154.0
12338,12710,-1044,768,-15736,48,-364.0,-153.0
12354,12711,-1076,620,-15812,75,-372.0,-159.0
12370,12712,-912,660,-15828,56,-380.0,-148.0
12386,12713,-1020,652,-15652,67,-361.0,-153.0
Order,True,Max_Delay,17,Out_Range,0,,
21266,13268,-948,512,-15672,64,-381.0,-160.0
21282,13269,-1088,560,-15684,82,-368.0,-164.0
21298,13270,-928,760,-15844,93,-348.0,-148.0
21314,13271,-1128,764,-15688,69,-411.0,-125.0
21330,13272,-1088,692,-15720,100,-367.0,-116.0
21346,13273,-1052,688,-15592,49,-363.0,-155.0
21362,13274,-964,760,-15792,70,-379.0,-156.0
21378,13275,-1016,756,-15740,77,-356.0,-137.0
21394,13276,-1108,628,-15848,96,-376.0,-123.0
21410,13277,-1032,768,-15600,82,-361.0,-150.0
21426,13278,-980,688,-15676,87,-394.0,-139.0
21442,13279,-912,676,-15712,74,-351.0,-164.0
21458,13280,-1128,688,-15652,85,-374.0,-165.0
21474,13281,-984,676,-15756,71,-381.0,-144.0
21490,13282,-1068,720,-15684,72,-379.0,-108.0
21506,13283,-1056,872,-15640,66,-367.0,-125.0
21522,13284,-1032,688,-15660,46,-370.0,-150.0
21538,13285,-984,688,-15740,19,-373.0,-176.0
21554,13286,-960,664,-15664,65,-356.0,-187.0
21570,13287,-1136,756,-15664,29,-415.0,-186.0
21586,13288,-988,872,-15608,61,-355.0,-151.0
21602,13289,-992,676,-15808,35,-391.0,-191.0
21618,13290,-992,700,-15600,37,-372.0,-168.0
21634,13291,-1008,552,-15712,95,-373.0,-132.0
21650,13292,-1120,692,-15544,78,-398.0,-201.0
21666,13293,-1100,588,-15760,98,-377.0,-168.0
21682,13294,-1040,532,-15616,56,-395.0,-143.0
21698,13295,-1000,664,-15552,126,-370.0,-148.0
21714,13296,-1028,480,-15636,145,-373.0,-187.0
21730,13297,-1196,720,-14960,82,-619.0,-233.0
21746,13298,-132,-572,-18388,2682,-5492.0,-26.0
21762,13299,-6436,332,-9220,-246,-1375.0,-292.0
21778,13300,2136,692,-14636,-977,6201.0,-82.0
21794,13301,280,-12,-15752,1055,-4035.0,-97.0
21810,13302,-1848,480,-15900,600,2251.0,78.0
21826,13303,-972,484,-15316,-192,-243.0,-182.0
21842,13304,-840,968,-15752,-245,-114.0,-145.0
21858,13305,-1044,816,-15736,355,-514.0,-176.0
21874,13306,-1124,648,-15552,79,-439.0,-149.0
21890,13307,-1008,644,-15952,40,-229.0,-175.0
21906,13308,-1012,660,-15612,52,-525.0,-194.0
21922,13309,-960,748,-15696,171,-497.0,-183.0
21938,13310,-864,512,-15372,85,-250.0,-168.0
21954,13311,-908,732,-15796,-287,-466.0,-241.0
21970,13312,-888,672,-15916,368,-710.0,-94.0
21986,13313,-856,456,-15616,436,-291.0,-157.0
22002,13314,-1208,648,-15712,15,-278.0,-127.0
22018,13315,-1044,1100,-15676,-830,-39.0,-207.0
22034,13316,-764,1184,-16076,-28,-569.0,-195.0
22050,13317,-1252,488,-15644,804,-339.0,0.0
22066,13318,-1128,476,-15460,-93,-474.0,-134.0
22082,13319,-1024,660,-15672,-338,-260.0,-224.0
22098,13320,-1020,840,-15708,51,-199.0,-174.0
22114,13321,-956,740,-15848,314,-418.0,-115.0
22130,13322,-1036,652,-15532,41,-160.0,-115.0
22146,13323,-1004,752,-15840,-25,-253.0,-118.0
22162,13324,-1028,640,-15632,177,-306.0,-64.0
22178,13325,-1024,592,-15652,128,-345.0,-112.0
22194,13326,-1104,824,-15720,126,-372.0,-92.0
22211,13327,-996,640,-15712,108,-352.0,-120.0
22226,13328,-1224,892,-15752,-3,-440.0,-143.0
22242,13329,-1164,764,-15836,53,-370.0,-107.0
22258,13330,-872,476,-15588,167,-255.0,-107.0
22274,13331,-996,732,-15820,59,-438.0,-126.0
22291,13332,-956,724,-15692,30,-329.0,-129.0
22306,13333,-976,600,-15536,105,-330.0,-142.0
22322,13334,-868,652,-15648,41,-373.0,-130.0
22338,13335,-1012,720,-15712,79,-378.0,-129.0
22355,13336,-1188,632,-15740,74,-372.0,-137.0
22370,13337,-1004,760,-15652,77,-359.0,-153.0
22386,13338,-1012,724,-15884,54,-365.0,-152.0
22402,13339,-1096,616,-15692,102,-357.0,-141.0
22418,13340,-924,584,-15684,68,-375.0,-149.0
22434,13341,-1016,668,-15764,41,-332.0,-163.0
22450,13342,-1012,800,-15780,61,-389.0,-191.0
22466,13343,-1048,656,-15656,50,-410.0,-158.0
22482,13344,-940,696,-15648,58,-350.0,-182.0
22498,13345,-1044,568,-15592,70,-365.0,-150.0
22514,13346,-1076,616,-15676,69,-354.0,-151.0
22530,13347,-1116,680,-15640,47,-363.0,-151.0
22546,13348,-1068,704,-15684,117,-357.0,-149.0
22562,13349,-980,700,-15780,74,-378.0,-161.0
22578,13350,-916,624,-15524,110,-392.0,-155.0
22594,13351,-956,592,-15608,79,-364.0,-153.0
22610,13352,-864,660,-15716,83,-335.0,-148.0
22626,13353,-1032,660,-15540,94,-361.0,-146.0
22642,13354,-1136,724,-15692,81,-368.0,-127.0
22658,13355,-988,644,-15736,113,-416.0,-141.0
22674,13356,-1068,812,-15648,82,-426.0,-122.0
22690,13357,-992,656,-15792,149,-351.0,-137.0
22706,13358,-1068,744,-15748,92,-388.0,-81.0
22722,13359,-1148,704,-15696,27,-392.0,-114.0
22738,13360,-1048,632,-15684,193,-385.0,-95.0
22754,13361,-960,772,-15832,27,-363.0,-154.0
22770,13362,-1044,616,-15672,175,-288.0,-38.0
22786,13363,-924,584,-15488,85,-346.0,-209.0
22802,13364,-1076,716,-15696,59,-380.0,-172.0
22818,13365,-1068,844,-15716,56,-423.0,-162.0
22834,13366,-1000,696,-15776,-75,-395.0,-167.0
22850,13367,-1128,828,-15656,17,-428.0,-149.0
22866,13368,-996,780,-15636,63,-378.0,-164.0
22882,13369,-1104,744,-15892,39,-357.0,-148.0
22898,13370,-1064,816,-15636,56,-360.0,-162.0
22914,13371,-1072,616,-15692,60,-364.0,-158.0
22930,13372,-988,664,-15724,30,-379.0,-178.0
22946,13373,-1032,664,-15704,26,-378.0,-179.0
22962,13374,-1092,768,-15592,25,-366.0,-194.0
22978,13375,-1060,576,-15688,28,-352.0,-176.0
22994,13376,-1036,736,-15768,31,-364.0,-184.0
23010,13377,-1048,712,-15868,33,-387.0,-202.0
23026,13378,-1004,608,-15800,115,-374.0,-173.0
23042,13379,-1012,624,-15744,110,-383.0,-182.0
23058,13380,-1076,636,-15796,89,-371.0,-168.0
23074,13381,-976,636,-15760,123,-357.0,-145.0
23090,13382,-1000,756,-15696,39,-388.0,-165.0
23106,13383,-1032,580,-15580,59,-343.0,-152.0
23122,13384,-1064,732,-15716,65,-387.0,-151.0
23138,13385,-1044,700,-15648,98,-358.0,-158.0
23154,13386,-888,648,-15696,92,-352.0,-142.0
23170,13387,-1056,748,-15720,108,-356.0,-159.0
23186,13388,-1144,680,-15656,58,-417.0,-155.0
23202,13389,-1000,472,-15516,118,-412.0,-135.0
23218,13390,-996,652,-15724,119,-331.0,-159.0
23234,13391,-984,652,-15648,61,-364.0,-140.0
23250,13392,-972,700,-15620,110,-349.0,-136.0
23267,13393,-1056,732,-15816,113,-364.0,-120.0
23282,13394,-952,612,-15720,116,-371.0,-123.0
23298,13395,-1036,740,-15688,109,-330.0,-147.0
23314,13396,-1000,788,-15756,77,-376.0,-124.0
23330,13397,-1028,600,-15648,86,-364.0,-150.0
23346,13398,-1052,716,-15800,14,-370.0,-161.0
23362,13399,-996,700,-15644,113,-366.0,-150.0
23378,13400,-1004,636,-15668,43,-371.0,-154.0
23394,13401,-996,664,-15688,28,-358.0,-162.0
23410,13402,-1028,768,-15672,40,-398.0,-164.0
23426,13403,-1016,632,-15880,38,-369.0,-159.0
23442,13404,-996,696,-15760,44,-363.0,-169.0
23458,13405,-1076,844,-15716,78,-371.0,-196.0
23474,13406,-1020,676,-15664,89,-379.0,-165.0
23490,13407,-1100,656,-15688,49,-380.0,-170.0
23506,13408,-1076,696,-15772,102,-382.0,-135.0
23522,13409,-1024,696,-15672,55,-375.0,-137.0
23538,13410,-972,704,-15740,66,-365.0,-150.0
23554,13411,-968,596,-15648,64,-342.0,-140.0
23570,13412,-1016,672,-15656,61,-377.0,-165.0
23586,13413,-980,656,-15768,117,-343.0,-122.0
23602,13414,-980,688,-15664,78,-356.0,-145.0
23618,13415,-1100,724,-15696,102,-369.0,-130.0
23634,13416,-940,596,-15600,70,-367.0,-116.0
23650,13417,-1020,580,-15760,101,-361.0,-148.0
23667,13418,-940,684,-15700,98,-388.0,-142.0
23682,13419,-916,616,-15712,104,-381.0,-121.0
23698,13420,-932,680,-15704,105,-361.0,-111.0
23714,13421,-1064,852,-15876,86,-373.0,-151.0
23730,13422,-1044,656,-15916,41,-333.0,-150.0
23746,13423,-1004,628,-15816,77,-380.0,-146.0
23762,13424,-1016,608,-15636,66,-387.0,-136.0
23778,13425,-1032,556,-15776,75,-375.0,-162.0
23794,13426,-1092,680,-15772,63,-384.0,-147.0
23810,13427,-1100,816,-15744,70,-384.0,-151.0
23826,13428,-1080,732,-15724,65,-391.0,-145.0
23842,13429,-1060,708,-15860,117,-375.0,-138.0
23858,13430,-1012,712,-15708,72,-375.0,-150.0
23874,13431,-1044,700,-15788,66,-343.0,-158.0
23890,13432,-976,652,-15688,70,-366.0,-149.0
23906,13433,-968,788,-15628,56,-381.0,-150.0
23922,13434,-1036,596,-15836,69,-374.0,-143.0
23938,13435,-1040,708,-15720,52,-383.0,-159.0
23954,13436,-1068,712,-15864,101,-367.0,-145.0
23970,13437,-1080,676,-15764,87,-356.0,-154.0
23986,13438,-984,648,-15672,64,-375.0,-157.0
24002,13439,-956,628,-15808,67,-355.0,-132.0
24018,13440,-1040,644,-15664,92,-377.0,-178.0
24034,13441,-948,752,-15656,74,-369.0,-159.0
24050,13442,-1076,716,-15548,78,-370.0,-147.0
24066,13443,-1024,640,-15672,96,-359.0,-140.0
24082,13444,-1068,616,-15780,73,-384.0,-150.0
24098,13445,-1072,756,-15584,95,-356.0,-153.0
24114,13446,-1048,592,-15724,76,-352.0,-152.0
24130,13447,-1116,804,-15752,78,-357.0,-162.0
24146,13448,-924,692,-15616,85,-349.0,-123.0
24162,13449,-940,688,-15644,81,-374.0,-147.0
24178,13450,-1076,504,-15680,93,-361.0,-164.0
24194,13451,-1020,740,-15728,52,-377.0,-142.0
24210,13452,-1012,752,-15592,85,-380.0,-147.0
24226,13453,-980,688,-15804,72,-373.0,-143.0
24242,13454,-976,640,-15744,69,-367.0,-150.0
24258,13455,-1032,732,-15752,72,-368.0,-162.0
24274,13456,-1008,688,-15672,77,-379.0,-149.0
24290,13457,-1080,596,-15612,85,-350.0,-184.0
24306,13458,-1024,780,-15740,83,-358.0,-159.0
24322,13459,-920,636,-15648,86,-362.0,-127.0
24338,13460,-1112,656,-15672,84,-368.0,-142.0
24354,13461,-1060,744,-15704,63,-368.0,-164.0
24370,13462,-992,704,-15864,63,-358.0,-170.0
24386,13463,-1036,672,-15728,70,-359.0,-168.0
24402,13464,-1088,688,-15748,72,-336.0,-130.0
24418,13465,-888,676,-15608,81,-380.0,-137.0
24434,13466,-848,664,-15764,84,-349.0,-153.0
24450,13467,-964,600,-15792,64,-372.0,-153.0
24466,13468,-1092,780,-15616,57,-370.0,-148.0
24483,13469,-1012,812,-15740,72,-370.0,-180.0
24498,13470,-1032,600,-15772,75,-364.0,-142.0
24514,13471,-924,644,-15628,70,-361.0,-149.0
24530,13472,-1024,716,-15652,80,-380.0,-152.0
24546,13473,-1076,560,-15744,76,-378.0,-135.0
24562,13474,-1028,672,-15864,67,-396.0,-169.0
24578,13475,-992,692,-15692,77,-366.0,-153.0
24595,13476,-976,664,-15652,96,-363.0,-154.0
24610,13477,-1020,640,-15700,58,-349.0,-127.0
24626,13478,-1016,708,-15708,95,-349.0,-156.0
24642,13479,-1076,668,-15628,81,-362.0,-159.0
24658,13480,-1124,632,-15628,79,-351.0,-143.0
24674,13481,-996,608,-15752,46,-375.0,-150.0
24690,13482,-1012,756,-15752,63,-359.0,-145.0
24706,13483,-944,680,-15628,73,-367.0,-141.0
24722,13484,-1092,636,-15672,95,-371.0,-162.0
24738,13485,-1072,548,-15688,82,-373.0,-159.0
24754,13486,-1020,652,-15784,67,-379.0,-139.0
24770,13487,-992,616,-15808,83,-353.0,-165.0
24786,13488,-1000,700,-15800,78,-354.0,-128.0
24802,13489,-1040,664,-15788,53,-367.0,-149.0
24818,13490,-920,740,-15700,73,-358.0,-144.0
24834,13491,-1028,680,-15608,79,-376.0,-153.0
24850,13492,-936,616,-15692,106,-369.0,-142.0
24866,13493,-1012,684,-15744,92,-376.0,-128.0
24882,13494,-1080,752,-15624,88,-336.0,-153.0
24898,13495,-960,696,-15600,92,-381.0,-154.0
24914,13496,-944,728,-15588,62,-350.0,-122.0
24930,13497,-944,712,-15832,78,-351.0,-146.0
24947,13498,-980,720,-15752,67,-363.0,-144.0
24962,13499,-1016,768,-15704,105,-360.0,-155.0
24978,13500,-1052,672,-15584,94,-384.0,-150.0
24994,13501,-1112,676,-15656,58,-371.0,-158.0
25010,13502,-1060,696,-15700,88,-369.0,-147.0
25026,13503,-1024,624,-15752,56,-327.0,-144.0
25042,13504,-1116,712,-15604,75,-361.0,-171.0
25058,13505,-1028,628,-15648,66,-374.0,-148.0
25074,13506,-1012,668,-15652,100,-365.0,-134.0
25090,13507,-1016,556,-15620,63,-384.0,-154.0
25107,13508,-932,700,-15752,83,-365.0,-141.0
25122,13509,-996,800,-15760,96,-376.0,-167.0
25138,13510,-968,640,-15752,84,-353.0,-144.0
25154,13511,-1020,748,-15544,70,-389.0,-177.0
25170,13512,-1156,628,-15712,76,-373.0,-163.0
25186,13513,-984,612,-15500,83,-366.0,-123.0
25202,13514,-1056,712,-15688,72,-371.0,-144.0
25218,13515,-1000,768,-15684,86,-355.0,-145.0
25234,13516,-1096,772,-15644,70,-391.0,-120.0
25250,13517,-940,628,-15664,80,-370.0,-130.0
25266,13518,-1024,692,-15696,67,-388.0,-138.0
25282,13519,-968,580,-15780,82,-357.0,-127.0
25298,13520,-968,656,-15592,79,-368.0,-143.0
25314,13521,-1096,708,-15692,75,-381.0,-123.0
25330,13522,-932,616,-15688,74,-353.0,-150.0
25346,13523,-1020,660,-15672,79,-373.0,-139.0
25362,13524,-924,656,-15760,90,-364.0,-151.0
25378,13525,-980,592,-15520,76,-375.0,-149.0
25394,13526,-984,640,-15712,74,-382.0,-152.0
25410,13527,-1052,708,-15696,79,-376.0,-144.0
25426,13528,-972,748,-15752,87,-368.0,-128.0
25442,13529,-1012,656,-15692,73,-346.0,-138.0
25458,13530,-952,596,-15584,74,-373.0,-149.0
25474,13531,-968,588,-15780,49,-365.0,-153.0
25490,13532,-1020,720,-15588,58,-345.0,-174.0
25506,13533,-1088,772,-15616,94,-379.0,-143.0
25522,13534,-1116,640,-15744,77,-355.0,-141.0
25538,13535,-1028,764,-15704,78,-361.0,-165.0
25554,13536,-1168,652,-15708,68,-353.0,-156.0
25570,13537,-916,652,-15752,83,-348.0,-160.0
25586,13538,-1020,640,-15848,97,-375.0,-131.0
25602,13539,-996,600,-15676,36,-384.0,-145.0
25618,13540,-944,592,-15800,92,-385.0,-149.0
25634,13541,-972,568,-15788,53,-372.0,-140.0
25650,13542,-960,648,-15748,83,-388.0,-159.0
25666,13543,-840,692,-15872,79,-361.0,-174.0
25682,13544,-1088,740,-15520,69,-362.0,-170.0
25698,13545,-988,716,-15804,87,-363.0,-162.0
25714,13546,-936,676,-15760,76,-404.0,-152.0
25730,13547,-976,628,-15780,90,-363.0,-125.0
25746,13548,-1044,676,-15644,85,-374.0,-156.0
25762,13549,-1056,692,-15824,93,-369.0,-143.0
25778,13550,-932,692,-15656,114,-371.0,-155.0
25794,13551,-1096,748,-15672,65,-378.0,-146.0
25810,13552,-984,580,-15708,65,-355.0,-158.0
25826,13553,-1080,760,-15752,89,-375.0,-149.0
25842,13554,-952,784,-15768,49,-363.0,-144.0
25858,13555,-1012,700,-15708,132,-368.0,-153.0
25874,13556,-1016,660,-15728,79,-359.0,-132.0
25890,13557,-1040,704,-15768,67,-366.0,-162.0
25906,13558,-1060,636,-15732,45,-355.0,-150.0
25922,13559,-932,640,-15664,51,-356.0,-159.0
25938,13560,-1000,536,-15868,75,-352.0,-144.0
25954,13561,-1084,648,-15672,94,-348.0,-148.0
25970,13562,-1100,776,-15776,80,-364.0,-163.0
25986,13563,-984,548,-15724,84,-371.0,-163.0
26002,13564,-908,580,-15676,101,-358.0,-164.0
26018,13565,-1048,640,-15872,65,-385.0,-133.0
26034,13566,-1064,628,-15620,73,-363.0,-146.0
26050,13567,-976,640,-15628,64,-384.0,-151.0
Order,True,Max_Delay,17,Out_Range,0,,
36354,14211,-920,568,-15932,72,-536,-179
36370,14212,-980,672,-15620,61,-371,-163
36387,14213,-992,616,-15652,24,-492,-191
36403,14214,-892,776,-15668,84,-531,-154
36418,14215,-964,728,-15660,74,-424,-164
36434,14216,-888,540,-15724,89,-531,-180
36450,14217,-948,592,-15576,200,-546,-223
36466,14218,-960,680,-15776,83,-452,-140
36482,14219,-864,780,-15752,15,-457,-174
36498,14220,-984,672,-15716,41,-479,-135
36514,14221,-916,740,-15704,30,-329,-156
36530,14222,-840,668,-15732,61,-466,-143
36546,14223,-900,740,-15836,109,-308,-145
36562,14224,-980,556,-15500,97,-330,-130
36578,14225,-888,632,-15736,80,-508,-163
36594,14226,-896,640,-15564,19,-220,-133
36611,14227,-952,644,-15728,79,-517,-159
36626,14228,-896,784,-15856,80,-241,-147
36642,14229,-976,716,-15764,101,-410,-143
36658,14230,-856,552,-15752,105,-341,-140
36674,14231,-1048,628,-15616,49,-285,-129
36691,14232,-976,648,-15724,87,-418,-155
36706,14233,-964,616,-15656,82,-354,-122
36722,14234,-900,600,-15684,77,-302,-120
36738,14235,-1096,764,-15712,64,-317,-154
36755,14236,-1100,632,-15796,60,-410,-160
36770,14237,-956,672,-15800,43,-294,-179
36786,14238,-812,648,-15540,104,-418,-172
36802,14239,-940,696,-15804,51,-355,-147
36818,14240,-988,768,-15676,23,-419,-166
36835,14241,-888,876,-15728,70,-368,-167
36850,14242,-1060,648,-15660,96,-249,-160
36866,14243,-900,680,-15668,86,-540,-156
36882,14244,-1080,644,-15720,61,-290,-133
36898,14245,-836,592,-15696,128,-430,-166
36914,14246,-936,772,-15704,46,-265,-146
36931,14247,-924,636,-15632,40,-456,-147
36946,14248,-980,684,-15756,74,-381,-148
36962,14249,-972,528,-15720,106,-328,-128
36978,14250,-988,832,-15764,85,-416,-127
36994,14251,-940,692,-15716,84,-347,-119
37010,14252,-876,684,-15700,90,-364,-160
37026,14253,-764,716,-15612,33,-153,-169
37042,14254,-976,696,-15704,78,-681,-172
37058,14255,-956,692,-15700,90,-143,-144
37074,14256,-864,792,-15604,152,-528,-153
37090,14257,-808,604,-15660,55,-315,-176
37106,14258,-932,568,-15708,26,-392,-149
37122,14259,-872,648,-15744,51,-377,-176
37138,14260,-928,696,-15736,63,-393,-149
37154,14261,-924,728,-15676,81,-400,-147
37170,14262,-840,612,-15768,47,-354,-154
37186,14263,-1012,588,-15716,90,-375,-138
37202,14264,-1024,664,-15720,53,-356,-150
37218,14265,-988,576,-15744,100,-415,-164
37235,14266,-984,732,-15796,80,-254,-136
37250,14267,-904,612,-15656,105,-473,-148
37266,14268,-948,720,-15736,49,-321,-165
37282,14269,-1016,640,-15700,97,-413,-147
37298,14270,-1036,712,-15804,72,-321,-161
37314,14271,-1020,732,-15656,73,-366,-144
37330,14272,-900,592,-15620,48,-372,-157
37346,14273,-916,692,-15628,54,-374,-134
37362,14274,-880,684,-15628,50,-406,-161
37378,14275,-1060,772,-15652,67,-383,-159
37394,14276,-940,780,-15612,61,-373,-149
37410,14277,-944,708,-15588,68,-359,-143
37426,14278,-968,696,-15676,76,-346,-158
37442,14279,-952,608,-15724,49,-367,-138
37458,14280,-948,696,-15672,108,-389,-152
37474,14281,-920,528,-15628,106,-345,-140
37490,14282,-904,700,-15800,100,-435,-126
37506,14283,-968,700,-15696,61,-350,-154
37522,14284,-996,716,-15824,75,-401,-152
37538,14285,-1004,696,-15772,61,-371,-158
37554,14286,-940,628,-15656,75,-369,-141
37570,14287,-992,764,-15752,49,-360,-156
37586,14288,-964,708,-15708,61,-379,-163
37602,14289,-972,684,-15640,76,-374,-173
37618,14290,-1004,624,-15764,80,-383,-162
37634,14291,-916,600,-15636,56,-327,-154
37650,14292,-996,700,-15664,86,-391,-172
37666,14293,-1024,768,-15648,63,-348,-149
37682,14294,-884,700,-15784,35,-389,-135
37698,14295,-936,584,-15760,93,-381,-145
37714,14296,-816,524,-15660,110,-334,-155
37730,14297,-1028,704,-15588,82,-341,-170
37746,14298,-880,696,-15716,72,-394,-162
37762,14299,-900,736,-15848,13,-377,-142
37778,14300,-836,604,-15652,19,-360,-170
37794,14301,-948,600,-15732,43,-393,-164
37811,14302,-864,652,-15752,82,-353,-176
37826,14303,-904,672,-15752,66,-362,-146
37842,14304,-892,604,-15680,113,-374,-129
37858,14305,-976,616,-15776,91,-374,-138
37874,14306,-988,648,-15720,69,-359,-153
37890,14307,-884,648,-15620,49,-386,-166
37906,14308,-876,652,-15720,61,-353,-117
37922,14309,-968,664,-15660,62,-377,-146
37938,14310,-860,560,-15572,77,-366,-169
37955,14311,-876,660,-15760,61,-382,-170
37970,14312,-860,672,-15604,42,-384,-130
37986,14313,-940,744,-15656,42,-368,-139
38002,14314,-908,664,-15664,96,-375,-136
38018,14315,-980,776,-15684,82,-371,-160
38034,14316,-892,656,-15612,106,-351,-160
38050,14317,-1040,576,-15684,68,-400,-171
38066,14318,-940,660,-15628,58,-372,-173
38082,14319,-1016,728,-15776,96,-381,-133
38098,14320,-916,724,-15624,95,-327,-127
38115,14321,-968,564,-15724,60,-411,-154
38130,14322,-944,716,-15716,57,-347,-124
38146,14323,-904,704,-15920,59,-408,-153
38162,14324,-904,612,-15696,69,-390,-169
38178,14325,-900,572,-15784,63,-395,-126
38194,14326,-944,560,-15696,71,-349,-159
38210,14327,-936,784,-15876,54,-413,-134
38226,14328,-1000,616,-15796,58,-347,-132
38242,14329,-960,544,-15652,51,-396,-155
38258,14330,-1008,684,-15656,69,-365,-146
38274,14331,-948,648,-15692,78,-390,-163
38290,14332,-1060,612,-15616,86,-334,-138
38306,14333,-932,604,-15616,66,-410,-150
38322,14334,-1088,620,-15716,58,-361,-171
38338,14335,-1040,680,-15664,94,-366,-144
38354,14336,-992,764,-15832,69,-381,-139
38370,14337,-868,660,-15764,48,-348,-158
38386,14338,-824,668,-15724,72,-400,-180
38402,14339,-884,604,-15736,125,-318,-162
38418,14340,-932,604,-15704,129,-448,-109
38434,14341,-848,580,-15724,72,-318,-163
38450,14342,-932,624,-15592,61,-415,-126
38466,14343,-956,696,-15712,46,-361,-174
38482,14344,-1036,676,-15700,80,-417,-174
38498,14345,-916,648,-15888,59,-336,-164
38514,14346,-920,724,-15688,66,-402,-168
38530,14347,-872,684,-15744,57,-365,-167
38546,14348,-884,708,-15760,62,-352,-157
38562,14349,-808,628,-15732,66,-406,-151
38578,14350,-888,576,-15756,82,-340,-163
38594,14351,-920,528,-15784,117,-344,-138
38610,14352,-948,720,-15764,77,-390,-161
38626,14353,-928,656,-15712,72,-357,-157
38642,14354,-1064,804,-15692,33,-351,-167
38658,14355,-764,644,-15720,45,-383,-141
38674,14356,-1000,564,-15676,68,-360,-146
38691,14357,-876,616,-15768,80,-363,-152
38706,14358,-936,688,-15756,57,-379,-171
38722,14359,-976,652,-15800,48,-389,-157
38738,14360,-984,544,-15704,83,-378,-132
38754,14361,-944,648,-15732,86,-377,-154
38770,14362,-1000,732,-15904,54,-354,-159
38786,14363,-952,884,-15816,88,-409,-135
38802,14364,-1068,616,-15712,84,-345,-140
38818,14365,-800,592,-15784,78,-384,-157
38834,14366,-920,600,-15584,60,-356,-142
38850,14367,-868,540,-15816,74,-417,-142
38866,14368,-972,596,-15792,86,-329,-155
38882,14369,-988,596,-15732,78,-384,-145
38898,14370,-1016,732,-15756,59,-381,-133
38914,14371,-1040,720,-15764,58,-389,-148
38930,14372,-800,628,-15680,37,-399,-156
38946,14373,-1012,608,-15616,81,-380,-135
38962,14374,-760,612,-15780,113,-345,-145
38978,14375,-1012,752,-15664,62,-389,-168
38994,14376,-912,716,-15696,68,-360,-153
39010,14377,-1000,696,-15680,52,-396,-163
39026,14378,-1052,704,-15724,40,-371,-127
39042,14379,-952,628,-15540,72,-369,-155
39058,14380,-992,696,-15832,114,-397,-123
39074,14381,-860,536,-15660,100,-316,-169
39090,14382,-1020,712,-15656,49,-444,-171
39106,14383,-956,604,-15792,62,-347,-153
39122,14384,-880,624,-15576,70,-389,-163
39138,14385,-940,552,-15764,57,-373,-135
39154,14386,-1004,752,-15820,54,-347,-124
39170,14387,-932,644,-15868,91,-345,-171
39186,14388,-1012,576,-15788,75,-393,-137
39202,14389,-988,680,-15664,52,-370,-127
39218,14390,-904,728,-15720,91,-376,-117
39234,14391,-924,712,-15780,71,-360,-138
39250,14392,-924,752,-15684,106,-401,-141
39266,14393,-1068,704,-15708,85,-383,-136
39282,14394,-932,760,-15756,89,-350,-144
39298,14395,-900,632,-15752,61,-378,-170
39314,14396,-976,712,-15744,57,-373,-128
39330,14397,-956,612,-15592,26,-345,-121
39346,14398,-868,572,-15764,47,-407,-145
39362,14399,-960,860,-15664,66,-348,-153
39378,14400,-1092,780,-15744,77,-387,-104
39394,14401,-932,676,-15812,74,-390,-157
39410,14402,-944,680,-15744,100,-350,-124
39426,14403,-940,576,-15704,67,-386,-155
39442,14404,-888,648,-15700,83,-336,-182
39458,14405,-1056,664,-15640,73,-388,-149
39474,14406,-928,652,-15668,99,-386,-152
39490,14407,-936,544,-15716,97,-355,-135
39506,14408,-920,728,-15796,83,-400,-145
39522,14409,-988,696,-15500,47,-374,-168
39538,14410,-784,516,-15792,61,-354,-153
39554,14411,-1004,732,-15560,97,-420,-152
39570,14412,-980,744,-15832,102,-369,-160
39586,14413,-872,676,-15756,112,-409,-138
39602,14414,-988,660,-15728,118,-367,-155
39618,14415,-1012,704,-15792,62,-425,-150
39634,14416,-968,684,-15620,59,-299,-177
39650,14417,-1012,712,-15692,66,-397,-162
39666,14418,-980,648,-15656,83,-324,-154
39682,14419,-1044,664,-15684,66,-396,-162
39698,14420,-1024,628,-15704,87,-332,-135
39714,14421,-888,672,-15708,68,-373,-138
39730,14422,-896,732,-15660,58,-331,-155
39746,14423,-1060,728,-15696,86,-383,-161
39762,14424,-1000,720,-15700,86,-364,-170
39778,14425,-924,616,-15592,105,-376,-146
39794,14426,-980,676,-15708,69,-366,-131
39810,14427,-796,560,-15788,60,-366,-155
39826,14428,-1004,660,-15780,61,-368,-156
39842,14429,-1084,620,-15652,88,-350,-147
39858,14430,-888,708,-15740,92,-382,-148
39874,14431,-964,716,-15844,44,-388,-145
39890,14432,-940,604,-15708,98,-387,-175
39906,14433,-892,612,-15588,69,-351,-142
39922,14434,-1108,636,-15740,62,-369,-186
39938,14435,-1032,656,-15660,58,-339,-118
39954,14436,-892,644,-15620,97,-360,-147
39970,14437,-888,700,-15720,74,-395,-160
39986,14438,-968,704,-15748,85,-352,-162
40002,14439,-1024,656,-15632,85,-378,-133
40018,14440,-956,516,-15740,64,-377,-138
40034,14441,-892,632,-15548,93,-368,-172
40050,14442,-916,648,-15644,75,-360,-145
40066,14443,-1020,716,-15768,74,-403,-153
40082,14444,-896,644,-15596,81,-361,-172
40098,14445,-948,788,-15720,47,-383,-141
40114,14446,-888,660,-15608,57,-394,-144
40130,14447,-972,612,-15692,82,-369,-139
40146,14448,-892,616,-15660,97,-377,-144
40162,14449,-948,612,-15708,57,-367,-144
40178,14450,-1036,648,-15752,71,-372,-157
40194,14451,-992,688,-15732,96,-365,-137
40210,14452,-920,744,-15752,93,-376,-157
40226,14453,-860,724,-15656,62,-329,-136
40242,14454,-968,624,-15640,60,-391,-152
40258,14455,-932,724,-15688,71,-367,-130
40274,14456,-1044,612,-15648,63,-401,-153
40291,14457,-1068,596,-15660,72,-379,-134
40306,14458,-972,620,-15684,55,-375,-159
40322,14459,-968,692,-15748,74,-398,-156
40339,14460,-968,640,-15680,74,-333,-178
40354,14461,-972,616,-15616,78,-366,-138
40370,14462,-964,640,-15640,88,-373,-145
40386,14463,-1052,640,-15736,49,-357,-160
40402,14464,-1020,800,-15656,92,-413,-164
40418,14465,-944,788,-15708,81,-357,-134
40434,14466,-924,544,-15660,84,-388,-159
40450,14467,-972,688,-15772,84,-349,-160
40466,14468,-956,628,-15632,53,-366,-166
40482,14469,-1004,496,-15808,65,-375,-171
40498,14470,-896,672,-15624,79,-350,-152
40514,14471,-968,680,-15664,108,-370,-144
40530,14472,-984,676,-15708,41,-358,-148
40546,14473,-996,652,-15724,73,-404,-170
40562,14474,-1028,640,-15612,50,-370,-142
40578,14475,-916,744,-15732,87,-381,-156
40594,14476,-956,640,-15552,88,-369,-165
40610,14477,-960,616,-15816,68,-372,-141
40626,14478,-996,640,-15684,78,-386,-136
40642,14479,-864,576,-15616,66,-389,-143
40658,14480,-916,688,-15660,73,-356,-147
40674,14481,-1012,668,-15664,52,-384,-144
40690,14482,-868,788,-15772,93,-336,-125
40706,14483,-960,648,-15700,108,-364,-161
40722,14484,-964,764,-15684,78,-380,-130
40738,14485,-928,548,-15632,88,-363,-150
40754,14486,-976,676,-15692,71,-372,-140
40770,14487,-892,660,-15784,75,-369,-143
40786,14488,-824,708,-15712,78,-372,-151
40802,14489,-1036,696,-15536,74,-380,-138
40818,14490,-992,696,-15772,80,-356,-139
40834,14491,-892,772,-15772,73,-371,-158
40850,14492,-884,600,-15760,98,-367,-138
40866,14493,-832,652,-15612,81,-379,-154
40882,14494,-916,604,-15596,93,-367,-136
40898,14495,-1016,596,-15784,89,-391,-135
40914,14496,-892,656,-15700,59,-374,-156
40930,14497,-852,764,-15632,65,-386,-164
40946,14498,-956,752,-15744,58,-371,-132
40962,14499,-848,780,-15640,106,-377,-159
40978,14500,-952,660,-15684,84,-383,-156
40994,14501,-988,708,-15728,64,-373,-145
41010,14502,-968,716,-15776,70,-388,-123
41026,14503,-872,652,-15676,69,-375,-183
41042,14504,-932,776,-15748,72,-341,-143
41058,14505,-900,692,-15716,88,-394,-137
41074,14506,-928,728,-15592,72,-361,-150
41091,14507,-1044,732,-15764,65,-390,-157
41106,14508,-896,608,-15704,87,-349,-144
41122,14509,-896,672,-15856,86,-368,-176
41138,14510,-972,640,-15728,66,-366,-136
Order,True,Max_Delay,17,Out_Range,0,,
